Workbook
Name B: '[2]2006상반기'!#REF!
Name B: '[2]2006상반기'!#REF!
Name B: '[2]2006상반기'!#REF!
Name B: '[2]2006상반기'!#REF!
Name B: '[2]2006상반기'!#REF!
Name M: '[2]2006상반기'!#REF!
Name M: '[2]2006상반기'!#REF!
Name M: '[2]2006상반기'!#REF!
Name M: '[2]2006상반기'!#REF!
Name M: '[2]2006상반기'!#REF!
Name 계약단위: [3]Index.!$G$2:$G$4
Name 계약단위: [4]Index.!$G$2:$G$4
Name 고객사: '[2]2006상반기'!#REF!
Name 고객사: '[2]2006상반기'!#REF!
Name 고객사: '[2]2006상반기'!#REF!
Name 고객사: '[2]2006상반기'!#REF!
Name 고객사: '[2]2006상반기'!#REF!
Name 기업분류: '[2]2006상반기'!#REF!
Name 기업분류: '[2]2006상반기'!#REF!
Name 기업분류: '[2]2006상반기'!#REF!
Name 기업분류: '[2]2006상반기'!#REF!
Name 기업분류: '[2]2006상반기'!#REF!
Name 기업순위: '[2]2006상반기'!#REF!
Name 기업순위: '[2]2006상반기'!#REF!
Name 기업순위: '[2]2006상반기'!#REF!
Name 기업순위: '[2]2006상반기'!#REF!
Name 기업순위: '[2]2006상반기'!#REF!
Name 년도: [3]Index.!$E$2:$E$7
Name 년도: [4]Index.!$E$2:$E$7
Name ㅁ: '[2]2006상반기'!#REF!
Name ㅁ: '[2]2006상반기'!#REF!
Name ㅁ: '[2]2006상반기'!#REF!
Name ㅁ: '[2]2006상반기'!#REF!
Name ㅁ: '[2]2006상반기'!#REF!
Name 매출: '[2]2006상반기'!#REF!
Name 매출: '[2]2006상반기'!#REF!
Name 매출: '[2]2006상반기'!#REF!
Name 매출: '[2]2006상반기'!#REF!
Name 매출: '[2]2006상반기'!#REF!
Name 사전영업: [5]Index.!$M$2:$M$12
Name 산업분류: '[2]2006상반기'!#REF!
Name 산업분류: '[2]2006상반기'!#REF!
Name 산업분류: '[2]2006상반기'!#REF!
Name 산업분류: '[2]2006상반기'!#REF!
Name 산업분류: '[2]2006상반기'!#REF!
Name 상품유형: '[6]Index 매출유형신구분'!$D$48:$D$70
Name ㅇㅇ: #REF!
Name ㅇㅇ: #REF!
Name ㅇㅇ: #REF!
Name ㅇㅇ: #REF!
Name ㅇㅇ: #REF!
Name ㅇㅇ: #REF!
Name 영업대표: '[2]2006상반기'!#REF!
Name 영업대표: '[2]2006상반기'!#REF!
Name 영업대표: '[2]2006상반기'!#REF!
Name 영업대표: '[2]2006상반기'!#REF!
Name 영업대표: '[2]2006상반기'!#REF!
Name 월: [3]Index.!$F$2:$F$15
Name 월: [4]Index.!$F$2:$F$15
Name 인아웃: '[2]2006상반기'!#REF!

Sheet 25Pivot
A3: 행 레이블 | B3: 합계 : 6월 예상 | C3: 합계 : 7월 예상 | D3: 합계 : 8월 예상 | E3: 합계 : 9월 예상 | F3: 합계 : 10월 예상 | G3: 합계 : 11월 예상 | H3: 합계 : 12월 예상
A4: 01 확정 | B4: 78100000 | C4: 48800000 | D4: 47800000 | E4: 90300000 | F4: 78800000 | G4: 104100000 | H4: 333800000
A5: 02 가망 | B5: 14000000 | C5: 20000000 | D5: 4000000 | E5: 39000000 | F5: 29000000 | G5: 73000000 | H5: 180000000
A6: 03 기회 | B6: 136000000 | C6: 15000000 | D6: 91000000 | E6: 34000000 | F6: 178000000 | G6: 20000000 | H6: 702000000
A7: 총합계 | B7: 228100000 | C7: 83800000 | D7: 142800000 | E7: 163300000 | F7: 285800000 | G7: 197100000 | H7: 1215800000
B11: 열 레이블
A12: 행 레이블 | B12: 01 확정 | C12: 02 가망 | D12: 03 기회 | E12: 총합계
A13: 최재희
A14: 김성경
A15: 하예진
A16: 최수진
A17: 방유진
A18: 양은희
A19: (비어 있음)
A20: 이유진(퇴사)
A21: 김지훈
A22: 박혜원
A23: 방인혜
A24: 강건모
A25: 이재성
A26: 25년 확정/가망/기회 | B26: (다중 항목)
A28: 행 레이블 | B28: 합계 : 6월 예상 | C28: 합계 : 7월 예상 | D28: 합계 : 8월 예상 | E28: 합계 : 9월 예상 | F28: 합계 : 10월 예상 | G28: 합계 : 11월 예상
A29: 01. 이러닝 - 통합위탁 | B29: 5200000 | C29: 5200000 | D29: 5200000 | E29: 4700000 | F29: 42200000 | G29: 3900000
A30: 02. 이러닝 - 단과 | B30: 170500000 | C30: 29500000 | D30: 32500000 | E30: 84000000 | F30: 33500000 | G30: 53500000
A31: 03. 이러닝 - 법정 | B31: 25400000 | C31: 21100000 | D31: 22100000 | E31: 21600000 | F31: 68100000 | G31: 22700000
A32: 04. 이러닝 - 마이크로러닝
A33: 07. 이러닝 - 컨텐츠 임대/판매 | D33: 50000000
A34: 08. 하이브리드러닝 - 하이브리드형 러닝 | B34: 9000000 | C34: 5000000 | D34: 29000000 | E34: 11000000 | F34: 120000000 | G34: 54000000
A35: 09. 하이브리드러닝 - 순수 오프라인 | B35: 7000000 | C35: 17000000 | D35: 0 | E35: 32000000 | F35: 0 | G35: 7000000
A36: 10. 구독 - 휴넷CEO멤버십
A37: 14. 컨텐츠 - 컨텐츠 개발 | B37: 10000000 | C37: 5000000
A38: 19. 운영 - 운영매출 | B38: 0 | C38: 0 | D38: 0 | E38: 2000000 | F38: 0 | G38: 0
A39: 24. 기타 - 포럼 | D39: 2000000 | E39: 7000000
A40: 25. 기타 - 기타 | D40: 1000000
A41: 26. 이러닝 - 정부지원사업 | B41: 0 | C41: 0 | D41: 0 | E41: 0 | F41: 0 | G41: 55000000
A42: 28.구독 - 휴넷FLEX | B42: 0 | C42: 0 | D42: 0 | E42: 0 | F42: 0 | G42: 0
A43: (비어 있음) | B43: 1000000 | C43: 1000000 | D43: 1000000 | E43: 1000000 | F43: 22000000 | G43: 1000000
A44: 총합계 | B44: 228100000 | C44: 83800000 | D44: 142800000 | E44: 163300000 | F44: 285800000 | G44: 197100000
A118: 행 레이블 | B118: 합계 : 6월 예상 | C118: 합계 : 7월 예상 | D118: 합계 : 8월 예상 | E118: 합계 : 9월 예상 | F118: 합계 : 10월 예상 | G118: 합계 : 11월 예상 | H118: 합계 : 12월 예상
A119: 01 확정 | B119: 78100000 | C119: 48800000 | D119: 47800000 | E119: 90300000 | F119: 78800000 | G119: 104100000 | H119: 333800000
A120: 01. 이러닝 - 통합위탁 | B120: 5200000 | C120: 5200000 | D120: 5200000 | E120: 4700000 | F120: 42200000 | G120: 3900000 | H120: 4000000
A121: 02. 이러닝 - 단과 | B121: 52500000 | C121: 14500000 | D121: 16500000 | E121: 65500000 | F121: 15500000 | G121: 30500000 | H121: 156500000
A122: 03. 이러닝 - 법정 | B122: 12400000 | C122: 16100000 | D122: 20100000 | E122: 7100000 | F122: 9100000 | G122: 12700000 | H122: 29300000
A123: 04. 이러닝 - 마이크로러닝
A124: 08. 하이브리드러닝 - 하이브리드형 러닝 | B124: 0 | C124: 0 | D124: 2000000 | E124: 0 | F124: 0 | G124: 54000000 | H124: 20000000
A125: 09. 하이브리드러닝 - 순수 오프라인 | B125: 7000000 | C125: 7000000 | D125: 0 | E125: 12000000 | F125: 0 | G125: 2000000 | H125: 0
A126: 10. 구독 - 휴넷CEO멤버십
A127: 14. 컨텐츠 - 컨텐츠 개발 | C127: 5000000 | H127: 100000000
A128: 19. 운영 - 운영매출
A129: 24. 기타 - 포럼 | D129: 2000000
A130: 25. 기타 - 기타 | D130: 1000000
A131: 26. 이러닝 - 정부지원사업 | B131: 0 | C131: 0 | D131: 0 | E131: 0 | F131: 0 | G131: 0 | H131: 0
A132: 28.구독 - 휴넷FLEX | B132: 0 | C132: 0 | D132: 0 | E132: 0 | F132: 0 | G132: 0 | H132: 23000000
A133: (비어 있음) | B133: 1000000 | C133: 1000000 | D133: 1000000 | E133: 1000000 | F133: 12000000 | G133: 1000000 | H133: 1000000
A134: 02 가망 | B134: 14000000 | C134: 20000000 | D134: 4000000 | E134: 39000000 | F134: 29000000 | G134: 73000000 | H134: 180000000
A135: 02. 이러닝 - 단과 | B135: 0 | C135: 0 | D135: 0 | E135: 3500000 | F135: 0 | G135: 8000000 | H135: 106000000
A136: 03. 이러닝 - 법정 | B136: 0 | C136: 5000000 | D136: 2000000 | E136: 4500000 | F136: 24000000 | G136: 10000000 | H136: 34000000
A137: 04. 이러닝 - 마이크로러닝
A138: 08. 하이브리드러닝 - 하이브리드형 러닝 | B138: 4000000 | C138: 5000000 | D138: 2000000 | E138: 4000000 | F138: 5000000 | G138: 0 | H138: 10000000
A139: 09. 하이브리드러닝 - 순수 오프라인 | C139: 10000000 | E139: 20000000 | H139: 20000000
A140: 14. 컨텐츠 - 컨텐츠 개발 | B140: 10000000 | H140: 10000000
A141: 19. 운영 - 운영매출 | B141: 0 | C141: 0 | D141: 0 | E141: 0 | F141: 0 | G141: 0 | H141: 0
A142: 24. 기타 - 포럼 | E142: 7000000
A143: 26. 이러닝 - 정부지원사업 | B143: 0 | C143: 0 | D143: 0 | E143: 0 | F143: 0 | G143: 55000000 | H143: 0
A144: (비어 있음)
A145: 03 기회 | B145: 136000000 | C145: 15000000 | D145: 91000000 | E145: 34000000 | F145: 178000000 | G145: 20000000 | H145: 702000000
A146: 01. 이러닝 - 통합위탁
A147: 02. 이러닝 - 단과 | B147: 118000000 | C147: 15000000 | D147: 16000000 | E147: 15000000 | F147: 18000000 | G147: 15000000 | H147: 350000000
A148: 03. 이러닝 - 법정 | B148: 13000000 | C148: 0 | D148: 0 | E148: 10000000 | F148: 35000000 | G148: 0 | H148: 7000000
A149: 07. 이러닝 - 컨텐츠 임대/판매 | D149: 50000000 | H149: 10000000
A150: 08. 하이브리드러닝 - 하이브리드형 러닝 | B150: 5000000 | C150: 0 | D150: 25000000 | E150: 7000000 | F150: 115000000 | G150: 0 | H150: 310000000
A151: 09. 하이브리드러닝 - 순수 오프라인 | B151: 0 | C151: 0 | D151: 0 | E151: 0 | F151: 0 | G151: 5000000 | H151: 25000000
A152: 14. 컨텐츠 - 컨텐츠 개발
A153: 19. 운영 - 운영매출 | E153: 2000000
A154: 28.구독 - 휴넷FLEX
A155: (비어 있음) | F155: 10000000
A156: 총합계 | B156: 228100000 | C156: 83800000 | D156: 142800000 | E156: 163300000 | F156: 285800000 | G156: 197100000 | H156: 1215800000

Sheet 수주리스트
A2: 월 | B2: 수주일 | C2: 영업대표 | D2: 기업명 | E2: 기업코드 | F2: 사업유형 | G2: 25년 매출 | H2: 26년 매출 | I2: 27년 매출 | J2: 총 수주금액 | K2: 매출발생월 | L2: 비고1(신규/기타) | M2: 비고2(법정표시) | N2: 비고3(쓰고 싶은거 쓰세요) | O2: 인/아웃바운드 | P2: databook 반영시점 (관리자 수정)
A3: 2월 | B3: 45708 | C3: 김두희 | D3: 국립해양생물자원관 | E3: 18624 | F3: 01. 이러닝 - 통합위탁 | G3: 40000000 | J3: =SUM(G3:I3) -> 40000000
A4: 2월 | B4: 45715 | C4: 김두희 | D4: 오비맥주 주식회사 | E4: 1966 | F4: 03. 이러닝 - 법정 | G4: 10000000 | J4: =SUM(G4:I4) -> 10000000
A5: 2월 | B5: 45715 | C5: 이나래 | D5: 대한산업안전협회 | E5: 10651 | F5: 08. 하이브리드러닝 - 하이브리드형 러닝 | G5: 83000000 | J5: =SUM(G5:I5) -> 83000000
A6: 3월 | B6: 45722 | C6: 하예진 | D6: 파마리서치 | E6: 20949 | F6: 08. 하이브리드러닝 - 하이브리드형 러닝 | G6: 85000000 | J6: =SUM(G6:I6) -> 85000000
A7: 3월 | B7: 45729 | J7: =SUM(G7:I7) -> 0
A8: 3월 | B8: 45729 | J8: =SUM(G8:I8) -> 0
A9: 3월 | B9: 45729 | J9: =SUM(G9:I9) -> 0
A10: 3월 | B10: 45729 | J10: =SUM(G10:I10) -> 0
A11: 3월 | B11: 45729 | J11: =SUM(G11:I11) -> 0
A12: 3월 | B12: 45729 | J12: =SUM(G12:I12) -> 0
A13: 3월 | B13: 45729 | J13: =SUM(G13:I13) -> 0
A14: 3월 | B14: 45729 | J14: =SUM(G14:I14) -> 0
A15: 3월 | B15: 45729 | J15: =SUM(G15:I15) -> 0
A16: 3월 | B16: 45729 | J16: =SUM(G16:I16) -> 0
A17: 3월 | B17: 45729 | J17: =SUM(G17:I17) -> 0
A18: 3월 | B18: 45729 | J18: =SUM(G18:I18) -> 0
... A35: 3월 | B35: 45729 | J35: =SUM(G35:I35) -> 0
J36: =SUM(G36:I36) -> 0
J37: =SUM(G37:I37) -> 0
J38: =SUM(G38:I38) -> 0
J39: =SUM(G39:I39) -> 0
J40: =SUM(G40:I40) -> 0

Sheet 20250707
C1: 1 | D1: 2 | E1: 3 | F1: 4 | G1: 5 | H1: 6 | I1: 7 | J1: 8 | K1: 9 | L1: 10 | M1: 11 | N1: 12 | O1: 13 | P1: 14 | Q1: 15 | R1: 16 | S1: 17 | T1: 18 | U1: 19 | V1: 20 | W1: 21 | X1: 22 | Y1: 23 | Z1: 24 | AA1: 25 | AB1: 26 | AC1: 27 | AD1: 28 | AE1: 29 | AF1: 30 | AG1: 31 | AH1: 32 | AI1: 33 | AJ1: 34 | AK1: 35 | AL1: 36 | AM1: 37 | AN1: 38 | AO1: 39 | AP1: 40 | AQ1: 41 | AR1: 42 | AS1: 43
A2: no | B2: 연도 | C2: 영업기회코드 | D2: 담당팀 | E2: 운영대표 | F2: 그룹사명 | G2: 그룹사코드 | H2: 기업명 | I2: 기업코드 | J2: 채널명 | K2: 채널코드 | L2: 서비스시작일 | M2: 서비스종료일 | N2: 사업유형(대) | O2: 사업유형(중) | P2: 멤버십 | Q2: 영업단계 | R2: 등록유무 | S2: 확정예상 | T2: 마감 | U2: 예상마감 | V2: 1월예상 | W2: 1월마감 | X2: 2월예상 | Y2: 2월마감 | Z2: 3월예상 | AA2: 3월마감 | AB2: 4월예상 | AC2: 4월마감 | AD2: 5월예상 | AE2: 5월마감 | AF2: 6월예상 | AG2: 6월마감 | AH2: 7월예상 | AI2: 7월마감 | AJ2: 8월예상 | AK2: 8월마감 | AL2: 9월에상 | AM2: 9월마감 | AN2: 10월예상 | AO2: 10월마감 | AP2: 11월예상 | AQ2: 11월마감 | AR2: 12월에상 | AS2: 12월마감
C3: 디지털아카이브 | Q3: 03 기회
A4: 1 | B4: 2025 | C4: 60871-25-001 | D4: 기업교육4팀 | E4: 최수진 | F4: 뉴트리원 | G4: 19303 | H4: 뉴원풀필먼트 | I4: 60871 | L4: 2025-01-01 00:00:00.0 | M4: 2025-12-31 00:00:00.0 | N4: =VLOOKUP(O4,index!$Q:$R,2,0) -> 01. 이러닝 - 통합위탁 | O4: 통합위탁 | P4: 없음 | Q4: 01 확정 | R4: =VLOOKUP(C4,'26년 databook(취합)'!$M:$M,2,0) -> #N/A | U4: 0
A5: 2 | B5: 2025 | C5: 60870-25-001 | D5: 기업교육4팀 | E5: 최수진 | F5: 뉴트리원 | G5: 19303 | H5: 딥런 | I5: 60870 | L5: 2025-01-01 00:00:00.0 | M5: 2025-12-31 00:00:00.0 | N5: =VLOOKUP(O5,index!$Q:$R,2,0) -> 01. 이러닝 - 통합위탁 | O5: 통합위탁 | P5: 없음 | Q5: 01 확정 | R5: =VLOOKUP(C5,'26년 databook(취합)'!$M:$M,2,0) -> #N/A | U5: 0
A6: 3 | B6: 2025 | C6: 25824-25-001 | D6: 기업교육4팀 | E6: 김두희 | F6: SK온테크플러스 | G6: 25824 | H6: SK온테크플러스 | I6: 25824 | L6: 2025-01-01 00:00:00.0 | M6: 2025-12-31 00:00:00.0 | N6: =VLOOKUP(O6,index!$Q:$R,2,0) -> 03. 이러닝 - 법정 | O6: 법정 | P6: 없음 | Q6: 01 확정 | R6: =VLOOKUP(C6,'26년 databook(취합)'!$M:$M,2,0) -> #N/A | S6: 4356000 | U6: 2178000 | AH6: 2178000 | AR6: 2178000
A7: 4 | B7: 2025 | C7: 63875-25-001 | D7: 기업교육4팀 | E7: 방유진 | F7: E 우선지원기업전용 | G7: 42145 | H7: 무진전설 | I7: 63875 | L7: 2025-01-01 00:00:00.0 | M7: 2025-12-31 00:00:00.0 | N7: =VLOOKUP(O7,index!$Q:$R,2,0) -> 02. 이러닝 - 단과 | O7: 단과 | P7: 없음 | Q7: 01 확정 | R7: =VLOOKUP(C7,'26년 databook(취합)'!$M:$M,2,0) -> #N/A | U7: 0
A8: 5 | B8: 2025 | C8: 63258-25-001 | D8: 기업교육4팀 | E8: 방유진 | F8: E 우선지원기업전용 | G8: 42145 | H8: 한국관세정보원 | I8: 63258 | L8: 2025-01-01 00:00:00.0 | M8: 2025-12-31 00:00:00.0 | N8: =VLOOKUP(O8,index!$Q:$R,2,0) -> 02. 이러닝 - 단과 | O8: 단과 | P8: 없음 | Q8: 01 확정 | R8: =VLOOKUP(C8,'26년 databook(취합)'!$M:$M,2,0) -> #N/A | U8: 0
A9: 6 | B9: 2025 | C9: 61757-25-001 | D9: 기업교육4팀 | E9: 방유진 | F9: E 우선지원기업전용 | G9: 42145 | H9: 조아텍 | I9: 61757 | L9: 2025-01-01 00:00:00.0 | M9: 2025-12-31 00:00:00.0 | N9: =VLOOKUP(O9,index!$Q:$R,2,0) -> 02. 이러닝 - 단과 | O9: 단과 | P9: 없음 | Q9: 01 확정 | R9: =VLOOKUP(C9,'26년 databook(취합)'!$M:$M,2,0) -> #N/A | U9: 0
A10: 7 | B10: 2025 | C10: 48959-25-001 | D10: 기업교육4팀 | E10: 방유진 | F10: G 우선지원기업전용 | G10: 46018 | H10: 브링코 | I10: 48959 | L10: 2025-01-01 00:00:00.0 | M10: 2025-12-31 00:00:00.0 | N10: =VLOOKUP(O10,index!$Q:$R,2,0) -> 02. 이러닝 - 단과 | O10: 단과 | P10: 없음 | Q10: 01 확정 | R10: =VLOOKUP(C10,'26년 databook(취합)'!$M:$M,2,0) -> #N/A | U10: 0
A11: 8 | B11: 2025 | C11: 23567-25-001 | D11: 기업교육4팀 | E11: 방유진 | F11: E 우선지원기업전용 | G11: 42145 | H11: 디에이치오토넥스 | I11: 23567 | J11: 대유플러스 | K11: G00065-C00475 | L11: 2025-01-01 00:00:00.0 | M11: 2025-12-31 00:00:00.0 | N11: =VLOOKUP(O11,index!$Q:$R,2,0) -> 02. 이러닝 - 단과 | O11: 단과 | P11: 없음 | Q11: 01 확정 | R11: =VLOOKUP(C11,'26년 databook(취합)'!$M:$M,2,0) -> #N/A | U11: 0
A12: 9 | B12: 2025 | C12: 63854-25-001 | D12: 기업교육4팀 | E12: 최수진 | F12: 중앙홀딩스_MBA | G12: 43699 | H12: 휘닉스중앙제주 주식회사_MBA | I12: 63854 | L12: 2025-01-01 00:00:00.0 | M12: 2025-12-31 00:00:00.0 | N12: =VLOOKUP(O12,index!$Q:$R,2,0) -> 01. 이러닝 - 통합위탁 | O12: 통합위탁 | P12: 없음 | Q12: 01 확정 | R12: =VLOOKUP(C12,'26년 databook(취합)'!$M:$M,2,0) -> #N/A | U12: 0
A13: 10 | B13: 2025 | C13: 59547-25-001 | D13: 기업교육4팀 | E13: 하예진 | F13: H 우선지원기업전용 | G13: 45802 | H13: 엘씨스퀘어 | I13: 59547 | L13: 2025-01-01 00:00:00.0 | M13: 2025-12-31 00:00:00.0 | N13: =VLOOKUP(O13,index!$Q:$R,2,0) -> 02. 이러닝 - 단과 | O13: 단과 | P13: 없음 | Q13: 01 확정 | R13: =VLOOKUP(C13,'26년 databook(취합)'!$M:$M,2,0) -> #N/A | U13: 0
A14: 11 | B14: 2025 | C14: 63853-25-001 | D14: 기업교육4팀 | E14: 최수진 | F14: 중앙홀딩스_MBA | G14: 43699 | H14: 허스트중앙유한회사_MBA | I14: 63853 | L14: 2025-01-01 00:00:00.0 | M14: 2025-12-31 00:00:00.0 | N14: =VLOOKUP(O14,index!$Q:$R,2,0) -> 01. 이러닝 - 통합위탁 | O14: 통합위탁 | P14: 없음 | Q14: 01 확정 | R14: =VLOOKUP(C14,'26년 databook(취합)'!$M:$M,2,0) -> #N/A | U14: 0
A15: 12 | B15: 2025 | C15: 44973-25-001 | D15: 기업교육4팀 | E15: 하예진 | F15: H 우선지원기업전용 | G15: 45802 | H15: 노블트리 | I15: 44973 | J15: 노블트리 | K15: G02169-C03653 | L15: 2025-01-01 00:00:00.0 | M15: 2025-12-31 00:00:00.0 | N15: =VLOOKUP(O15,index!$Q:$R,2,0) -> 02. 이러닝 - 단과 | O15: 단과 | P15: 없음 | Q15: 01 확정 | R15: =VLOOKUP(C15,'26년 databook(취합)'!$M:$M,2,0) -> #N/A | U15: 0
A16: 13 | B16: 2025 | C16: 19212-25-001 | D16: 기업교육4팀 | E16: 하예진 | F16: H 우선지원기업전용 | G16: 45802 | H16: 팩플러스 | I16: 19212 | L16: 2025-01-01 00:00:00.0 | M16: 2025-12-31 00:00:00.0 | N16: =VLOOKUP(O16,index!$Q:$R,2,0) -> 02. 이러닝 - 단과 | O16: 단과 | P16: 없음 | Q16: 01 확정 | R16: =VLOOKUP(C16,'26년 databook(취합)'!$M:$M,2,0) -> #N/A | U16: 0
A17: 14 | B17: 2025 | C17: 63809-25-001 | D17: 기업교육4팀 | E17: 최수진 | F17: B 우선지원기업전용 | G17: 42108 | H17: 디피월드로지스틱스코리아 | I17: 63809 | L17: 2025-01-01 00:00:00.0 | M17: 2025-12-31 00:00:00.0 | N17: =VLOOKUP(O17,index!$Q:$R,2,0) -> 01. 이러닝 - 통합위탁 | O17: 통합위탁 | P17: 없음 | Q17: 01 확정 | R17: =VLOOKUP(C17,'26년 databook(취합)'!$M:$M,2,0) -> #N/A | U17: 0
A18: 15 | B18: 2025 | C18: 53859-25-001 | D18: 기업교육4팀 | E18: 최수진 | F18: 엠엑스엔커머스코리아 | G18: 53621 | H18: 스페이시스원 | I18: 53859 | L18: 2025-01-01 00:00:00.0 | M18: 2025-12-31 00:00:00.0 | N18: =VLOOKUP(O18,index!$Q:$R,2,0) -> 01. 이러닝 - 통합위탁 | O18: 통합위탁 | P18: 없음 | Q18: 01 확정 | R18: =VLOOKUP(C18,'26년 databook(취합)'!$M:$M,2,0) -> #N/A | U18: 0
A19: 16 | B19: 2025 | C19: 53858-25-001 | D19: 기업교육4팀 | E19: 최수진 | F19: 엠엑스엔커머스코리아 | G19: 53621 | H19: 글로벌쉬핑마스터앤투앤 | I19: 53858 | L19: 2025-01-01 00:00:00.0 | M19: 2025-12-31 00:00:00.0 | N19: =VLOOKUP(O19,index!$Q:$R,2,0) -> 01. 이러닝 - 통합위탁 | O19: 통합위탁 | P19: 없음 | Q19: 01 확정 | R19: =VLOOKUP(C19,'26년 databook(취합)'!$M:$M,2,0) -> #N/A | U19: 0
A20: 17 | B20: 2025 | C20: 28912-25-003 | D20: 기업교육4팀 | E20: 최재희 | F20: 이노배어케이티아이파이어드히터스 | G20: 28912 | H20: 이노배어케이티아이파이어드히터스 | I20: 28912 | J20: 이노배어케이티아이파이어드히터스 | K20: G00726-C01454 | L20: 2025-01-01 00:00:00.0 | M20: 2025-12-31 00:00:00.0 | N20: =VLOOKUP(O20,index!$Q:$R,2,0) -> 01. 이러닝 - 통합위탁 | O20: 통합위탁 | P20: 없음 | Q20: 01 확정 | R20: =VLOOKUP(C20,'26년 databook(취합)'!$M:$M,2,0) -> #N/A | U20: 0
A21: 18 | B21: 2025 | C21: 64460-25-001 | D21: 기업교육4팀 | E21: 방유진 | F21: E 우선지원기업전용 | G21: 42145 | H21: 법무법인 엘리트로 | I21: 64460 | L21: 2025-01-01 00:00:00.0 | M21: 2025-12-31 00:00:00.0 | N21: =VLOOKUP(O21,index!$Q:$R,2,0) -> 02. 이러닝 - 단과 | O21: 단과 | P21: 없음 | Q21: 01 확정 | R21: =VLOOKUP(C21,'26년 databook(취합)'!$M:$M,2,0) -> #N/A | U21: 0
A22: 19 | B22: 2025 | C22: 13557-25-001 | D22: 기업교육4팀 | E22: 방유진 | F22: 한국법령정보원 | G22: 13557 | H22: 한국법령정보원 | I22: 13557 | L22: 2025-01-01 00:00:00.0 | M22: 2025-12-31 00:00:00.0 | N22: =VLOOKUP(O22,index!$Q:$R,2,0) -> 09. 하이브리드러닝 - 순수 오프라인 | O22: 순수 오프라인 | P22: 없음 | Q22: 01 확정 | R22: =VLOOKUP(C22,'26년 databook(취합)'!$M:$M,2,0) -> #N/A | U22: 0
A23: 20 | B23: 2025 | C23: 42905-25-001 | D23: 기업교육4팀 | E23: 최재희 | F23: A 우선지원기업전용 | G23: 28849 | H23: 한국통신사업자연합회 | I23: 42905 | L23: 2025-07-01 00:00:00.0 | M23: 2025-12-31 00:00:00.0 | N23: =VLOOKUP(O23,index!$Q:$R,2,0) -> 02. 이러닝 - 단과 | O23: 단과 | P23: 없음 | Q23: 01 확정 | R23: =VLOOKUP(C23,'26년 databook(취합)'!$M:$M,2,0) -> #N/A | T23: 1350000 | U23: 1350000 | W23: 0 | Y23: 0 | AA23: 0 | AC23: 0 | AE23: 0 | AG23: 0 | AI23: 1350000 | AK23: 0 | AM23: 0 | AO23: 0 | AQ23: 0 | AS23: 0
A24: 21 | B24: 2025 | C24: 64435-25-001 | D24: 기업교육4팀 | E24: 김성경 | F24: 휴넷 HRD 아카이브_25/07/20 | G24: 63746 | H24: 소통을디자인하는사람들_A25 | I24: 64435 | L24: 2025-01-01 00:00:00.0 | M24: 2025-12-31 00:00:00.0 | N24: =VLOOKUP(O24,index!$Q:$R,2,0) -> 26. 이러닝 - 정부지원사업 | O24: 정부지원사업 | P24: 없음 | Q24: 01 확정 | R24: =VLOOKUP(C24,'26년 databook(취합)'!$M:$M,2,0) -> #N/A | S24: 140000 | U24: 126000 | AH24: 14000 | AR24: 126000
A25: 22 | B25: 2025 | C25: 27940-25-001 | D25: 기업교육4팀 | E25: 최수진 | F25: 호식이두마리치킨 | G25: 27938 | H25: 제이유(JU) 유통 | I25: 27940 | J25: 호식이두마리치킨 | K25: G01104-C01833 | L25: 2025-01-01 00:00:00.0 | M25: 2025-12-31 00:00:00.0 | N25: =VLOOKUP(O25,index!$Q:$R,2,0) -> 01. 이러닝 - 통합위탁 | O25: 통합위탁 | P25: 없음 | Q25: 01 확정 | R25: =VLOOKUP(C25,'26년 databook(취합)'!$M:$M,2,0) -> #N/A | T25: 180000 | U25: 180000 | W25: 0 | Y25: 0 | AA25: 0 | AC25: 0 | AE25: 0 | AG25: 0 | AI25: 180000 | AK25: 0 | AM25: 0 | AO25: 0 | AQ25: 0 | AS25: 0
A26: 23 | B26: 2025 | C26: 60945-25-001 | D26: 기업교육4팀 | E26: 최수진 | F26: 호식이두마리치킨 | G26: 27938 | H26: 대성통상 | I26: 60945 | L26: 2025-01-01 00:00:00.0 | M26: 2025-12-31 00:00:00.0 | N26: =VLOOKUP(O26,index!$Q:$R,2,0) -> 01. 이러닝 - 통합위탁 | O26: 통합위탁 | P26: 없음 | Q26: 01 확정 | R26: =VLOOKUP(C26,'26년 databook(취합)'!$M:$M,2,0) -> #N/A | T26: 30000 | U26: 30000 | W26: 0 | Y26: 0 | AA26: 0 | AC26: 0 | AE26: 0 | AG26: 0 | AI26: 30000 | AK26: 0 | AM26: 0 | AO26: 0 | AQ26: 0 | AS26: 0
A27: 24 | B27: 2025 | C27: 61097-25-001 | D27: 기업교육4팀 | E27: 최수진 | F27: 주식회사 미코하이테크 | G27: 61097 | H27: 주식회사 미코하이테크 | I27: 61097 | L27: 2025-01-01 00:00:00.0 | M27: 2025-12-31 00:00:00.0 | N27: =VLOOKUP(O27,index!$Q:$R,2,0) -> 01. 이러닝 - 통합위탁 | O27: 통합위탁 | P27: 없음 | Q27: 01 확정 | R27: =VLOOKUP(C27,'26년 databook(취합)'!$M:$M,2,0) -> #N/A | T27: 1268500 | U27: 1268500 | W27: 0 | Y27: 0 | AA27: 0 | AC27: 0 | AE27: 0 | AG27: 0 | AI27: 1268500 | AK27: 0 | AM27: 0 | AO27: 0 | AQ27: 0 | AS27: 0
A28: 25 | B28: 2025 | C28: 9198-25-001 | D28: 기업교육4팀 | E28: 방유진 | F28: 세양폴리머 | G28: 9198 | H28: 세양폴리머 | I28: 9198 | L28: 2025-01-01 00:00:00.0 | M28: 2025-12-31 00:00:00.0 | N28: =VLOOKUP(O28,index!$Q:$R,2,0) -> 02. 이러닝 - 단과 | O28: 단과 | P28: 없음 | Q28: 01 확정 | R28: =VLOOKUP(C28,'26년 databook(취합)'!$M:$M,2,0) -> #N/A | T28: 1100000 | U28: 1100000 | W28: 0 | Y28: 0 | AA28: 0 | AC28: 0 | AE28: 0 | AG28: 0 | AI28: 1100000 | AK28: 0 | AM28: 0 | AO28: 0 | AQ28: 0 | AS28: 0
A29: 26 | B29: 2025 | C29: 63577-25-001 | D29: 기업교육4팀 | E29: 김성경 | F29: 한국경제인협회 | G29: 63577 | H29: 한국경제인협회 | I29: 63577 | L29: 2025-01-01 00:00:00.0 | M29: 2025-12-31 00:00:00.0 | N29: =VLOOKUP(O29,index!$Q:$R,2,0) -> 02. 이러닝 - 단과 | O29: 단과 | P29: 없음 | Q29: 01 확정 | R29: =VLOOKUP(C29,'26년 databook(취합)'!$M:$M,2,0) -> #N/A | T29: 1730000 | U29: 1730000 | W29: 0 | Y29: 0 | AA29: 0 | AC29: 0 | AE29: 0 | AG29: 0 | AI29: 1730000 | AK29: 0 | AM29: 0 | AO29: 0 | AQ29: 0 | AS29: 0
A30: 27 | B30: 2025 | C30: 58717-25-001 | D30: 기업교육4팀 | E30: 김성경 | F30: C 우선지원기업전용 | G30: 42109 | H30: 웨스코 | I30: 58717 | L30: 2025-01-01 00:00:00.0 | M30: 2025-12-31 00:00:00.0 | N30: =VLOOKUP(O30,index!$Q:$R,2,0) -> 02. 이러닝 - 단과 | O30: 단과 | P30: 없음 | Q30: 01 확정 | R30: =VLOOKUP(C30,'26년 databook(취합)'!$M:$M,2,0) -> #N/A | T30: 220000 | U30: 220000 | W30: 0 | Y30: 0 | AA30: 0 | AC30: 0 | AE30: 0 | AG30: 0 | AI30: 220000 | AK30: 0 | AM30: 0 | AO30: 0 | AQ30: 0 | AS30: 0
A31: 28 | B31: 2025 | C31: 57950-25-001 | D31: 기업교육4팀 | E31: 김성경 | F31: C 우선지원기업전용 | G31: 42109 | H31: 레어마켓 | I31: 57950 | L31: 2025-01-01 00:00:00.0 | M31: 2025-12-31 00:00:00.0 | N31: =VLOOKUP(O31,index!$Q:$R,2,0) -> 02. 이러닝 - 단과 | O31: 단과 | P31: 없음 | Q31: 01 확정 | R31: =VLOOKUP(C31,'26년 databook(취합)'!$M:$M,2,0) -> #N/A | U31: 0
A32: 29 | B32: 2025 | C32: 47998-25-001 | D32: 기업교육4팀 | E32: 김성경 | F32: 에이치피오 | G32: 47998 | H32: 에이치피오 | I32: 47998 | L32: 2025-01-01 00:00:00.0 | M32: 2025-12-31 00:00:00.0 | N32: =VLOOKUP(O32,index!$Q:$R,2,0) -> 02. 이러닝 - 단과 | O32: 단과 | P32: 없음 | Q32: 01 확정 | R32: =VLOOKUP(C32,'26년 databook(취합)'!$M:$M,2,0) -> #N/A | T32: 660000 | U32: 660000 | W32: 0 | Y32: 0 | AA32: 0 | AC32: 0 | AE32: 0 | AG32: 0 | AI32: 660000 | AK32: 0 | AM32: 0 | AO32: 0 | AQ32: 0 | AS32: 0
A33: 30 | B33: 2025 | C33: 43231-25-001 | D33: 기업교육4팀 | E33: 김성경 | F33: C 우선지원기업전용 | G33: 42109 | H33: 제이경인연결고속도로주식회사 | I33: 43231 | J33: 제이경인연결고속도로 | K33: G01519-C02595 | L33: 2025-01-01 00:00:00.0 | M33: 2025-12-31 00:00:00.0 | N33: =VLOOKUP(O33,index!$Q:$R,2,0) -> 02. 이러닝 - 단과 | O33: 단과 | P33: 없음 | Q33: 01 확정 | R33: =VLOOKUP(C33,'26년 databook(취합)'!$M:$M,2,0) -> #N/A | T33: 460000 | U33: 460000 | W33: 0 | Y33: 0 | AA33: 0 | AC33: 0 | AE33: 0 | AG33: 0 | AI33: 460000 | AK33: 0 | AM33: 0 | AO33: 0 | AQ33: 0 | AS33: 0
A34: 31 | B34: 2025 | C34: 42549-25-001 | D34: 기업교육4팀 | E34: 김성경 | F34: C 우선지원기업전용 | G34: 42109 | H34: 비와이케이코리아 | I34: 42549 | J34: 비와이케이코리아 | K34: G01241-C02112 | L34: 2025-01-01 00:00:00.0 | M34: 2025-12-31 00:00:00.0 | N34: =VLOOKUP(O34,index!$Q:$R,2,0) -> 02. 이러닝 - 단과 | O34: 단과 | P34: 없음 | Q34: 01 확정 | R34: =VLOOKUP(C34,'26년 databook(취합)'!$M:$M,2,0) -> #N/A | T34: 432000 | U34: 432000 | W34: 0 | Y34: 0 | AA34: 0 | AC34: 0 | AE34: 0 | AG34: 0 | AI34: 432000 | AK34: 0 | AM34: 0 | AO34: 0 | AQ34: 0 | AS34: 0
A35: 32 | B35: 2025 | C35: 63622-25-001 | D35: 기업교육4팀 | E35: 김성경 | F35: C 우선지원기업전용 | G35: 42109 | H35: 코닉앤바우어케이알 | I35: 63622 | L35: 2025-01-01 00:00:00.0 | M35: 2025-12-31 00:00:00.0 | N35: =VLOOKUP(O35,index!$Q:$R,2,0) -> 01. 이러닝 - 통합위탁 | O35: 통합위탁 | P35: 없음 | Q35: 01 확정 | R35: =VLOOKUP(C35,'26년 databook(취합)'!$M:$M,2,0) -> #N/A | T35: 400000 | U35: 400000 | W35: 0 | Y35: 0 | AA35: 0 | AC35: 0 | AE35: 0 | AG35: 0 | AI35: 400000 | AK35: 0 | AM35: 0 | AO35: 0 | AQ35: 0 | AS35: 0
A36: 33 | B36: 2025 | C36: 63907-25-001 | D36: 기업교육4팀 | E36: 김성경 | F36: C 우선지원기업전용 | G36: 42109 | H36: 한강버스 | I36: 63907 | L36: 2025-01-01 00:00:00.0 | M36: 2025-12-31 00:00:00.0 | N36: =VLOOKUP(O36,index!$Q:$R,2,0) -> 02. 이러닝 - 단과 | O36: 단과 | P36: 없음 | Q36: 01 확정 | R36: =VLOOKUP(C36,'26년 databook(취합)'!$M:$M,2,0) -> #N/A | T36: 160000 | U36: 160000 | W36: 0 | Y36: 0 | AA36: 0 | AC36: 0 | AE36: 0 | AG36: 0 | AI36: 160000 | AK36: 0 | AM36: 0 | AO36: 0 | AQ36: 0 | AS36: 0
A37: 34 | B37: 2025 | C37: 45101-25-001 | D37: 기업교육4팀 | E37: 김성경 | F37: C 우선지원기업전용 | G37: 42109 | H37: 케이씨인터내셔널코리아 | I37: 45101 | J37: 코차이나로지스틱스코리아 | K37: G02164-C03648 | L37: 2025-01-01 00:00:00.0 | M37: 2025-12-31 00:00:00.0 | N37: =VLOOKUP(O37,index!$Q:$R,2,0) -> 02. 이러닝 - 단과 | O37: 단과 | P37: 없음 | Q37: 01 확정 | R37: =VLOOKUP(C37,'26년 databook(취합)'!$M:$M,2,0) -> #N/A | U37: 0
A38: 35 | B38: 2025 | C38: 64003-25-001 | D38: 기업교육4팀 | E38: 김성경 | F38: C 우선지원기업전용 | G38: 42109 | H38: 현대선박기술 | I38: 64003 | L38: 2025-01-01 00:00:00.0 | M38: 2025-12-31 00:00:00.0 | N38: =VLOOKUP(O38,index!$Q:$R,2,0) -> 02. 이러닝 - 단과 | O38: 단과 | P38: 없음 | Q38: 01 확정 | R38: =VLOOKUP(C38,'26년 databook(취합)'!$M:$M,2,0) -> #N/A | U38: 0
A39: 36 | B39: 2025 | C39: 64002-25-001 | D39: 기업교육4팀 | E39: 김성경 | F39: C 우선지원기업전용 | G39: 42109 | H39: 대해선박기술 | I39: 64002 | L39: 2025-01-01 00:00:00.0 | M39: 2025-12-31 00:00:00.0 | N39: =VLOOKUP(O39,index!$Q:$R,2,0) -> 02. 이러닝 - 단과 | O39: 단과 | P39: 없음 | Q39: 01 확정 | R39: =VLOOKUP(C39,'26년 databook(취합)'!$M:$M,2,0) -> #N/A | U39: 0
A40: 37 | B40: 2025 | C40: 47489-25-001 | D40: 기업교육4팀 | E40: 김성경 | F40: 경복궁면세점 | G40: 47489 | H40: 경복궁면세점 | I40: 47489 | L40: 2025-01-01 00:00:00.0 | M40: 2025-12-31 00:00:00.0 | N40: =VLOOKUP(O40,index!$Q:$R,2,0) -> 02. 이러닝 - 단과 | O40: 단과 | P40: 없음 | Q40: 01 확정 | R40: =VLOOKUP(C40,'26년 databook(취합)'!$M:$M,2,0) -> #N/A | T40: 525000 | U40: 525000 | W40: 0 | Y40: 0 | AA40: 0 | AC40: 0 | AE40: 0 | AG40: 0 | AI40: 525000 | AK40: 0 | AM40: 0 | AO40: 0 | AQ40: 0 | AS40: 0
A41: 38 | B41: 2025 | C41: 27025-25-001 | D41: 기업교육4팀 | E41: 김성경 | F41: 삼영이엔씨 | G41: 27025 | H41: 삼영이엔씨 | I41: 27025 | L41: 2025-01-01 00:00:00.0 | M41: 2025-12-31 00:00:00.0 | N41: =VLOOKUP(O41,index!$Q:$R,2,0) -> 02. 이러닝 - 단과 | O41: 단과 | P41: 없음 | Q41: 01 확정 | R41: =VLOOKUP(C41,'26년 databook(취합)'!$M:$M,2,0) -> #N/A | U41: 0
A42: 39 | B42: 2025 | C42: 16817-25-001 | D42: 기업교육4팀 | E42: 김성경 | F42: 항도엔지니어링 | G42: 16817 | H42: 항도엔지니어링 | I42: 16817 | L42: 2025-01-01 00:00:00.0 | M42: 2025-12-31 00:00:00.0 | N42: =VLOOKUP(O42,index!$Q:$R,2,0) -> 02. 이러닝 - 단과 | O42: 단과 | P42: 없음 | Q42: 01 확정 | R42: =VLOOKUP(C42,'26년 databook(취합)'!$M:$M,2,0) -> #N/A | T42: 960000 | U42: 960000 | W42: 0 | Y42: 0 | AA42: 0 | AC42: 0 | AE42: 0 | AG42: 960000 | AI42: 0 | AK42: 0 | AM42: 0 | AO42: 0 | AQ42: 0 | AS42: 0
A43: 40 | B43: 2025 | C43: 46026-25-001 | D43: 기업교육4팀 | E43: 방유진 | F43: G 우선지원기업전용 | G43: 46018 | H43: 유니온플레이스 | I43: 46026 | L43: 2025-01-01 00:00:00.0 | M43: 2025-12-31 00:00:00.0 | N43: =VLOOKUP(O43,index!$Q:$R,2,0) -> 02. 이러닝 - 단과 | O43: 단과 | P43: 없음 | Q43: 01 확정 | R43: =VLOOKUP(C43,'26년 databook(취합)'!$M:$M,2,0) -> #N/A | T43: 1140000 | U43: 1140000 | W43: 0 | Y43: 0 | AA43: 0 | AC43: 0 | AE43: 0 | AG43: 1140000 | AI43: 0 | AK43: 0 | AM43: 0 | AO43: 0 | AQ43: 0 | AS43: 0
A44: 41 | B44: 2025 | C44: 64009-25-001 | D44: 기업교육4팀 | E44: 방유진 | F44: E 우선지원기업전용 | G44: 42145 | H44: 그린캣소프트 | I44: 64009 | L44: 2025-01-01 00:00:00.0 | M44: 2025-12-31 00:00:00.0 | N44: =VLOOKUP(O44,index!$Q:$R,2,0) -> 02. 이러닝 - 단과 | O44: 단과 | P44: 없음 | Q44: 01 확정 | R44: =VLOOKUP(C44,'26년 databook(취합)'!$M:$M,2,0) -> #N/A | U44: 0
A45: 42 | B45: 2025 | C45: 42394-25-003 | D45: 기업교육4팀 | E45: 방유진 | F45: 매머드커피랩 | G45: 42394 | H45: 매머드커피랩 | I45: 42394 | J45: 매머드커피랩 | K45: G01223-C02094 | L45: 2025-01-01 00:00:00.0 | M45: 2025-12-31 00:00:00.0 | N45: =VLOOKUP(O45,index!$Q:$R,2,0) -> 02. 이러닝 - 단과 | O45: 단과 | P45: 없음 | Q45: 01 확정 | R45: =VLOOKUP(C45,'26년 databook(취합)'!$M:$M,2,0) -> #N/A | U45: 0
A46: 43 | B46: 2025 | C46: 63988-25-001 | D46: 기업교육4팀 | E46: 방유진 | F46: G 우선지원기업전용 | G46: 46018 | H46: 더존비앤씨티 | I46: 63988 | L46: 2025-01-01 00:00:00.0 | M46: 2025-12-31 00:00:00.0 | N46: =VLOOKUP(O46,index!$Q:$R,2,0) -> 02. 이러닝 - 단과 | O46: 단과 | P46: 없음 | Q46: 01 확정 | R46: =VLOOKUP(C46,'26년 databook(취합)'!$M:$M,2,0) -> #N/A | U46: 0
A47: 44 | B47: 2025 | C47: 61006-25-001 | D47: 기업교육4팀 | E47: 최수진 | F47: K 우선지원기업전용 | G47: 42571 | H47: 국제티엔씨 | I47: 61006 | L47: 2025-01-01 00:00:00.0 | M47: 2025-12-31 00:00:00.0 | N47: =VLOOKUP(O47,index!$Q:$R,2,0) -> 01. 이러닝 - 통합위탁 | O47: 통합위탁 | P47: 없음 | Q47: 01 확정 | R47: =VLOOKUP(C47,'26년 databook(취합)'!$M:$M,2,0) -> #N/A | T47: 140000 | U47: 140000 | W47: 0 | Y47: 0 | AA47: 0 | AC47: 0 | AE47: 0 | AG47: 140000 | AI47: 0 | AK47: 0 | AM47: 0 | AO47: 0 | AQ47: 0 | AS47: 0
A48: 45 | B48: 2025 | C48: 55940-25-001 | D48: 기업교육4팀 | E48: 방유진 | F48: [휴넷] 우선지원기업전용 | G48: 23762 | H48: 콘크리트웍스 | I48: 55940 | L48: 2025-01-01 00:00:00.0 | M48: 2025-12-31 00:00:00.0 | N48: =VLOOKUP(O48,index!$Q:$R,2,0) -> 02. 이러닝 - 단과 | O48: 단과 | P48: 없음 | Q48: 01 확정 | R48: =VLOOKUP(C48,'26년 databook(취합)'!$M:$M,2,0) -> #N/A | T48: 600000 | U48: 600000 | W48: 0 | Y48: 0 | AA48: 0 | AC48: 0 | AE48: 0 | AG48: 600000 | AI48: 0 | AK48: 0 | AM48: 0 | AO48: 0 | AQ48: 0 | AS48: 0
A49: 46 | B49: 2025 | C49: 63973-25-001 | D49: 기업교육4팀 | E49: 방유진 | F49: E 우선지원기업전용 | G49: 42145 | H49: 디에이치오토넥스_동탄지점 | I49: 63973 | L49: 2025-01-01 00:00:00.0 | M49: 2025-12-31 00:00:00.0 | N49: =VLOOKUP(O49,index!$Q:$R,2,0) -> 02. 이러닝 - 단과 | O49: 단과 | P49: 없음 | Q49: 01 확정 | R49: =VLOOKUP(C49,'26년 databook(취합)'!$M:$M,2,0) -> #N/A | T49: 96000 | U49: 96000 | W49: 0 | Y49: 0 | AA49: 0 | AC49: 0 | AE49: 0 | AG49: 96000 | AI49: 0 | AK49: 0 | AM49: 0 | AO49: 0 | AQ49: 0 | AS49: 0
A50: 47 | B50: 2025 | C50: 17245-25-001 | D50: 기업교육4팀 | E50: 최수진 | F50: K 우선지원기업전용 | G50: 42571 | H50: 티에이케이텍스타일(주) | I50: 17245 | L50: 2025-01-01 00:00:00.0 | M50: 2025-12-31 00:00:00.0 | N50: =VLOOKUP(O50,index!$Q:$R,2,0) -> 01. 이러닝 - 통합위탁 | O50: 통합위탁 | P50: 없음 | Q50: 01 확정 | R50: =VLOOKUP(C50,'26년 databook(취합)'!$M:$M,2,0) -> #N/A | U50: 0
A51: 48 | B51: 2025 | C51: 63368-25-002 | D51: 기업교육4팀 | E51: 방유진 | F51: 엘비아브노바FLEX | G51: 63368 | H51: 엘비아브노바FLEX | I51: 63368 | L51: 2025-01-01 00:00:00.0 | M51: 2025-12-31 00:00:00.0 | N51: =VLOOKUP(O51,index!$Q:$R,2,0) -> 02. 이러닝 - 단과 | O51: 단과 | P51: 없음 | Q51: 01 확정 | R51: =VLOOKUP(C51,'26년 databook(취합)'!$M:$M,2,0) -> #N/A | T51: 45000 | U51: 45000 | W51: 0 | Y51: 0 | AA51: 0 | AC51: 0 | AE51: 0 | AG51: 0 | AI51: 45000 | AK51: 0 | AM51: 0 | AO51: 0 | AQ51: 0 | AS51: 0
A52: 49 | B52: 2025 | C52: 23206-25-003 | D52: 기업교육4팀 | E52: 이나래 | F52: 한일프로텍 | G52: 23206 | H52: 한일프로텍 | I52: 23206 | J52: 한일프로텍 | K52: G01477-C02519 | L52: 2025-01-01 00:00:00.0 | M52: 2025-12-31 00:00:00.0 | N52: =VLOOKUP(O52,index!$Q:$R,2,0) -> 17. 솔루션 - 기타 | O52: 기타 | P52: 없음 | Q52: 01 확정 | R52: =VLOOKUP(C52,'26년 databook(취합)'!$M:$M,2,0) -> #N/A | T52: 308000 | U52: 308000 | W52: 0 | Y52: 0 | AA52: 0 | AC52: 0 | AE52: 0 | AG52: 308000 | AI52: 0 | AK52: 0 | AM52: 0 | AO52: 0 | AQ52: 0 | AS52: 0
A53: 50 | B53: 2025 | C53: 60076-25-001 | D53: 기업교육4팀 | E53: 이나래 | F53: 에이텍컴퓨터 | G53: 60076 | H53: 에이텍컴퓨터 | I53: 60076 | L53: 2025-01-01 00:00:00.0 | M53: 2025-12-31 00:00:00.0 | N53: =VLOOKUP(O53,index!$Q:$R,2,0) -> 01. 이러닝 - 통합위탁 | O53: 통합위탁 | P53: 없음 | Q53: 01 확정 | R53: =VLOOKUP(C53,'26년 databook(취합)'!$M:$M,2,0) -> #N/A | T53: 360000 | U53: 360000 | W53: 0 | Y53: 0 | AA53: 0 | AC53: 0 | AE53: 0 | AG53: 360000 | AI53: 0 | AK53: 0 | AM53: 0 | AO53: 0 | AQ53: 0 | AS53: 0
A54: 51 | B54: 2025 | C54: 63841-25-001 | D54: 기업교육4팀 | E54: 최재희 | F54: 휴넷 HRD 아카이브_25/06/10 | G54: 63742 | H54: 에쓰씨엔지니어링_A25 | I54: 63841 | L54: 2025-01-01 00:00:00.0 | M54: 2025-12-31 00:00:00.0 | N54: =VLOOKUP(O54,index!$Q:$R,2,0) -> 26. 이러닝 - 정부지원사업 | O54: 정부지원사업 | P54: 없음 | Q54: 01 확정 | R54: =VLOOKUP(C54,'26년 databook(취합)'!$M:$M,2,0) -> #N/A | T54: 504000 | U54: 504000 | W54: 0 | Y54: 0 | AA54: 0 | AC54: 0 | AE54: 0 | AG54: 504000 | AI54: 0 | AK54: 0 | AM54: 0 | AO54: 0 | AQ54: 0 | AS54: 0
A55: 52 | B55: 2025 | C55: 14899-25-001 | D55: 기업교육4팀 | E55: 하예진 | F55: 제이에스알마이크로코리아(주) | G55: 14899 | H55: 제이에스알마이크로코리아(주) | I55: 14899 | L55: 2025-01-01 00:00:00.0 | M55: 2025-12-31 00:00:00.0 | N55: =VLOOKUP(O55,index!$Q:$R,2,0) -> 17. 솔루션 - 기타 | O55: 기타 | P55: 없음 | Q55: 01 확정 | R55: =VLOOKUP(C55,'26년 databook(취합)'!$M:$M,2,0) -> #N/A | U55: 0
A56: 53 | B56: 2025 | C56: 409-25-001 | D56: 기업교육4팀 | E56: 하예진 | F56: 동작구시설관리공단 | G56: 409 | H56: 동작구시설관리공단 | I56: 409 | L56: 2025-01-01 00:00:00.0 | M56: 2025-12-31 00:00:00.0 | N56: =VLOOKUP(O56,index!$Q:$R,2,0) -> 02. 이러닝 - 단과 | O56: 단과 | P56: 없음 | Q56: 01 확정 | R56: =VLOOKUP(C56,'26년 databook(취합)'!$M:$M,2,0) -> #N/A | T56: 160000 | U56: 160000 | W56: 0 | Y56: 0 | AA56: 0 | AC56: 0 | AE56: 0 | AG56: 0 | AI56: 160000 | AK56: 0 | AM56: 0 | AO56: 0 | AQ56: 0 | AS56: 0
A57: 54 | B57: 2025 | C57: 5961-25-003 | D57: 기업교육4팀 | E57: 최수진 | F57: (주)퓨처젠 | G57: 5961 | H57: (주)퓨처젠 | I57: 5961 | J57: 퓨처첸 | K57: G01846-C03056 | L57: 2025-01-01 00:00:00.0 | M57: 2025-12-31 00:00:00.0 | N57: =VLOOKUP(O57,index!$Q:$R,2,0) -> 01. 이러닝 - 통합위탁 | O57: 통합위탁 | P57: 없음 | Q57: 01 확정 | R57: =VLOOKUP(C57,'26년 databook(취합)'!$M:$M,2,0) -> #N/A | T57: 638000 | U57: 638000 | W57: 0 | Y57: 0 | AA57: 0 | AC57: 0 | AE57: 0 | AG57: 638000 | AI57: 0 | AK57: 0 | AM57: 0 | AO57: 0 | AQ57: 0 | AS57: 0
A58: 55 | B58: 2025 | C58: 10895-25-003 | D58: 기업교육4팀 | E58: 김두희 | F58: 중소기업기술혁신협회(이노비즈협회) | G58: 10895 | H58: 중소기업기술혁신협회(이노비즈협회) | I58: 10895 | J58: 중소기업기술혁신협회(이노비즈협회) | K58: G00729-C01457 | L58: 2025-01-01 00:00:00.0 | M58: 2025-12-31 00:00:00.0 | N58: =VLOOKUP(O58,index!$Q:$R,2,0) -> 17. 솔루션 - 기타 | O58: 기타 | P58: 없음 | Q58: 01 확정 | R58: =VLOOKUP(C58,'26년 databook(취합)'!$M:$M,2,0) -> #N/A | S58: 330000 | T58: 363000 | U58: 363000 | W58: 0 | Y58: 0 | AA58: 0 | AC58: 0 | AE58: 0 | AF58: 330000 | AG58: 363000 | AI58: 0 | AK58: 0 | AM58: 0 | AO58: 0 | AQ58: 0 | AS58: 0
A59: 56 | B59: 2025 | C59: 53480-25-002 | D59: 기업교육4팀 | E59: 최수진 | F59: 한국소비자원(CCM) | G59: 53480 | H59: 한국소비자원(CCM) | I59: 53480 | L59: 2025-01-01 00:00:00.0 | M59: 2025-12-31 00:00:00.0 | N59: =VLOOKUP(O59,index!$Q:$R,2,0) -> 01. 이러닝 - 통합위탁 | O59: 통합위탁 | P59: 없음 | Q59: 01 확정 | R59: =VLOOKUP(C59,'26년 databook(취합)'!$M:$M,2,0) -> #N/A | S59: 4585000 | U59: 0 | AF59: 4585000
A60: 57 | B60: 2025 | C60: 63797-25-001 | D60: 기업교육4팀 | E60: 최수진 | F60: K 우선지원기업전용 | G60: 42571 | H60: 부민더블유엔피 | I60: 63797 | L60: 2025-01-01 00:00:00.0 | M60: 2025-12-31 00:00:00.0 | N60: =VLOOKUP(O60,index!$Q:$R,2,0) -> 01. 이러닝 - 통합위탁 | O60: 통합위탁 | P60: 없음 | Q60: 01 확정 | R60: =VLOOKUP(C60,'26년 databook(취합)'!$M:$M,2,0) -> #N/A | T60: 982500 | U60: 982500 | W60: 0 | Y60: 0 | AA60: 0 | AC60: 0 | AE60: 0 | AG60: 982500 | AI60: 0 | AK60: 0 | AM60: 0 | AO60: 0 | AQ60: 0 | AS60: 0
A61: 58 | B61: 2025 | C61: 28912-25-002 | D61: 기업교육4팀 | E61: 최재희 | F61: 이노배어케이티아이파이어드히터스 | G61: 28912 | H61: 이노배어케이티아이파이어드히터스 | I61: 28912 | J61: 이노배어케이티아이파이어드히터스 | K61: G00726-C01454 | L61: 2025-01-01 00:00:00.0 | M61: 2025-12-31 00:00:00.0 | N61: =VLOOKUP(O61,index!$Q:$R,2,0) -> 01. 이러닝 - 통합위탁 | O61: 통합위탁 | P61: 없음 | Q61: 01 확정 | R61: =VLOOKUP(C61,'26년 databook(취합)'!$M:$M,2,0) -> #N/A | U61: 0
A62: 59 | B62: 2025 | C62: 62094-25-001 | D62: 기업교육4팀 | E62: 최재희 | F62: A 우선지원기업전용 | G62: 28849 | H62: 와이제이로지스 | I62: 62094 | L62: 2025-01-01 00:00:00.0 | M62: 2025-12-31 00:00:00.0 | N62: =VLOOKUP(O62,index!$Q:$R,2,0) -> 02. 이러닝 - 단과 | O62: 단과 | P62: 없음 | Q62: 01 확정 | R62: =VLOOKUP(C62,'26년 databook(취합)'!$M:$M,2,0) -> #N/A | T62: 351000 | U62: 351000 | W62: 0 | Y62: 0 | AA62: 0 | AC62: 0 | AE62: 0 | AG62: 351000 | AI62: 0 | AK62: 0 | AM62: 0 | AO62: 0 | AQ62: 0 | AS62: 0
A63: 60 | B63: 2025 | C63: 43845-25-001 | D63: 기업교육4팀 | E63: 최재희 | F63: A 우선지원기업전용 | G63: 28849 | H63: 홍인로지스틱 | I63: 43845 | J63: 홍인로지스틱 | K63: G01747-C02920 | L63: 2025-01-01 00:00:00.0 | M63: 2025-12-31 00:00:00.0 | N63: =VLOOKUP(O63,index!$Q:$R,2,0) -> 02. 이러닝 - 단과 | O63: 단과 | P63: 없음 | Q63: 01 확정 | R63: =VLOOKUP(C63,'26년 databook(취합)'!$M:$M,2,0) -> #N/A | T63: 741000 | U63: 741000 | W63: 0 | Y63: 0 | AA63: 0 | AC63: 0 | AE63: 0 | AG63: 741000 | AI63: 0 | AK63: 0 | AM63: 0 | AO63: 0 | AQ63: 0 | AS63: 0
A64: 61 | B64: 2025 | C64: 63993-25-001 | D64: 기업교육4팀 | E64: 이나래 | F64: 지수아이앤씨FLEX | G64: 63993 | H64: 지수아이앤씨FLEX | I64: 63993 | L64: 2025-06-24 00:00:00.0 | M64: 2025-12-31 00:00:00.0 | N64: =VLOOKUP(O64,index!$Q:$R,2,0) -> 28.구독 - 휴넷FLEX | O64: 휴넷FLEX | P64: 없음 | Q64: 01 확정 | R64: =VLOOKUP(C64,'26년 databook(취합)'!$M:$M,2,0) -> #N/A | U64: 0
A65: 62 | B65: 2025 | C65: 44052-25-002 | D65: 기업교육4팀 | E65: 최수진 | F65: 덕신이피씨 | G65: 14852 | H65: 디에스인터내셔널 | I65: 44052 | J65: 덕신하우징 | K65: G01630-C02743 | L65: 2025-01-01 00:00:00.0 | M65: 2025-12-31 00:00:00.0 | N65: =VLOOKUP(O65,index!$Q:$R,2,0) -> 01. 이러닝 - 통합위탁 | O65: 통합위탁 | P65: 없음 | Q65: 01 확정 | R65: =VLOOKUP(C65,'26년 databook(취합)'!$M:$M,2,0) -> #N/A | T65: 10000 | U65: 10000 | W65: 0 | Y65: 0 | AA65: 0 | AC65: 0 | AE65: 0 | AG65: 10000 | AI65: 0 | AK65: 0 | AM65: 0 | AO65: 0 | AQ65: 0 | AS65: 0
A66: 63 | B66: 2025 | C66: 63754-25-001 | D66: 기업교육4팀 | E66: 최수진 | F66: 덕신이피씨 | G66: 14852 | H66: 덕신하우징 | I66: 63754 | L66: 2025-01-01 00:00:00.0 | M66: 2025-12-31 00:00:00.0 | N66: =VLOOKUP(O66,index!$Q:$R,2,0) -> 01. 이러닝 - 통합위탁 | O66: 통합위탁 | P66: 없음 | Q66: 01 확정 | R66: =VLOOKUP(C66,'26년 databook(취합)'!$M:$M,2,0) -> #N/A | T66: 5000 | U66: 5000 | W66: 0 | Y66: 0 | AA66: 0 | AC66: 0 | AE66: 0 | AG66: 5000 | AI66: 0 | AK66: 0 | AM66: 0 | AO66: 0 | AQ66: 0 | AS66: 0
A67: 64 | B67: 2025 | C67: 63820-25-001 | D67: 기업교육4팀 | E67: 최수진 | F67: 삼일아엔씨 | G67: 60518 | H67: 영정보통신주식회사 | I67: 63820 | L67: 2025-01-01 00:00:00.0 | M67: 2025-12-31 00:00:00.0 | N67: =VLOOKUP(O67,index!$Q:$R,2,0) -> 01. 이러닝 - 통합위탁 | O67: 통합위탁 | P67: 없음 | Q67: 01 확정 | R67: =VLOOKUP(C67,'26년 databook(취합)'!$M:$M,2,0) -> #N/A | S67: 54000 | T67: 54000 | U67: 54000 | W67: 0 | Y67: 0 | AA67: 0 | AC67: 0 | AE67: 0 | AF67: 54000 | AG67: 54000 | AI67: 0 | AK67: 0 | AM67: 0 | AO67: 0 | AQ67: 0 | AS67: 0
A68: 65 | B68: 2025 | C68: 63640-25-001 | D68: 기업교육4팀 | E68: 최수진 | F68: K 우선지원기업전용 | G68: 42571 | H68: (주) 티엠씨케이 | I68: 63640 | L68: 2025-01-01 00:00:00.0 | M68: 2025-12-31 00:00:00.0 | N68: =VLOOKUP(O68,index!$Q:$R,2,0) -> 01. 이러닝 - 통합위탁 | O68: 통합위탁 | P68: 없음 | Q68: 01 확정 | R68: =VLOOKUP(C68,'26년 databook(취합)'!$M:$M,2,0) -> #N/A | S68: 1163470 | U68: 0 | AF68: 1163470
A69: 66 | B69: 2025 | C69: 62007-25-002 | D69: 기업교육4팀 | E69: 최수진 | F69: 재영솔루텍(주) | G69: 4319 | H69: 재영아이텍 | I69: 62007 | L69: 2025-01-01 00:00:00.0 | M69: 2025-12-31 00:00:00.0 | N69: =VLOOKUP(O69,index!$Q:$R,2,0) -> 01. 이러닝 - 통합위탁 | O69: 통합위탁 | P69: 없음 | Q69: 01 확정 | R69: =VLOOKUP(C69,'26년 databook(취합)'!$M:$M,2,0) -> #N/A | S69: 27000 | T69: 27000 | U69: 27000 | W69: 0 | Y69: 0 | AA69: 0 | AC69: 0 | AE69: 0 | AF69: 27000 | AG69: 27000 | AI69: 0 | AK69: 0 | AM69: 0 | AO69: 0 | AQ69: 0 | AS69: 0
A70: 67 | B70: 2025 | C70: 0-25-002 | D70: 기업교육4팀 | E70: 최수진 | F70: K 우선지원기업전용 | G70: 42571 | H70: 최수진_사용예정__12 | I70: 62531 | L70: 2025-01-01 00:00:00.0 | M70: 2025-12-31 00:00:00.0 | N70: =VLOOKUP(O70,index!$Q:$R,2,0) -> 01. 이러닝 - 통합위탁 | O70: 통합위탁 | P70: 없음 | Q70: 01 확정 | R70: =VLOOKUP(C70,'26년 databook(취합)'!$M:$M,2,0) -> #N/A | U70: 0
A71: 68 | B71: 2025 | C71: 61464-25-001 | D71: 기업교육4팀 | E71: 최수진 | F71: 미리디 | G71: 61464 | H71: 미리디 | I71: 61464 | L71: 2025-01-01 00:00:00.0 | M71: 2025-12-31 00:00:00.0 | N71: =VLOOKUP(O71,index!$Q:$R,2,0) -> 01. 이러닝 - 통합위탁 | O71: 통합위탁 | P71: 없음 | Q71: 01 확정 | R71: =VLOOKUP(C71,'26년 databook(취합)'!$M:$M,2,0) -> #N/A | S71: 3719500 | T71: 0 | U71: 0 | W71: 0 | Y71: 0 | AA71: 0 | AC71: 0 | AE71: 0 | AF71: 3719500 | AG71: 0 | AI71: 0 | AK71: 0 | AM71: 0 | AO71: 0 | AQ71: 0 | AS71: 0
A72: 69 | B72: 2025 | C72: 60995-25-001 | D72: 기업교육4팀 | E72: 최수진 | F72: K 우선지원기업전용 | G72: 42571 | H72: 주식회사 투유드림 | I72: 60995 | L72: 2025-01-01 00:00:00.0 | M72: 2025-12-31 00:00:00.0 | N72: =VLOOKUP(O72,index!$Q:$R,2,0) -> 01. 이러닝 - 통합위탁 | O72: 통합위탁 | P72: 없음 | Q72: 01 확정 | R72: =VLOOKUP(C72,'26년 databook(취합)'!$M:$M,2,0) -> #N/A | S72: 408000 | T72: 408000 | U72: 408000 | W72: 0 | Y72: 0 | AA72: 0 | AC72: 0 | AE72: 0 | AF72: 408000 | AG72: 408000 | AI72: 0 | AK72: 0 | AM72: 0 | AO72: 0 | AQ72: 0 | AS72: 0
A73: 70 | B73: 2025 | C73: 59433-25-001 | D73: 기업교육4팀 | E73: 최수진 | F73: 스포티비 | G73: 31189 | H73: 뉴스플레이어 | I73: 59433 | L73: 2025-01-01 00:00:00.0 | M73: 2025-12-31 00:00:00.0 | N73: =VLOOKUP(O73,index!$Q:$R,2,0) -> 01. 이러닝 - 통합위탁 | O73: 통합위탁 | P73: 없음 | Q73: 01 확정 | R73: =VLOOKUP(C73,'26년 databook(취합)'!$M:$M,2,0) -> #N/A | S73: 156000 | T73: 168000 | U73: 168000 | W73: 0 | Y73: 0 | AA73: 0 | AC73: 0 | AE73: 0 | AF73: 156000 | AG73: 168000 | AI73: 0 | AK73: 0 | AM73: 0 | AO73: 0 | AQ73: 0 | AS73: 0
A74: 71 | B74: 2025 | C74: 59430-25-001 | D74: 기업교육4팀 | E74: 최수진 | F74: 스포티비 | G74: 31189 | H74: 에이클라미디어그룹 | I74: 59430 | L74: 2025-01-01 00:00:00.0 | M74: 2025-12-31 00:00:00.0 | N74: =VLOOKUP(O74,index!$Q:$R,2,0) -> 01. 이러닝 - 통합위탁 | O74: 통합위탁 | P74: 없음 | Q74: 01 확정 | R74: =VLOOKUP(C74,'26년 databook(취합)'!$M:$M,2,0) -> #N/A | S74: 192000 | T74: 192000 | U74: 192000 | W74: 0 | Y74: 0 | AA74: 0 | AC74: 0 | AE74: 0 | AF74: 192000 | AG74: 192000 | AI74: 0 | AK74: 0 | AM74: 0 | AO74: 0 | AQ74: 0 | AS74: 0
A75: 72 | B75: 2025 | C75: 59428-25-001 | D75: 기업교육4팀 | E75: 최수진 | F75: 스포티비 | G75: 31189 | H75: 유클레아홀딩스 | I75: 59428 | L75: 2025-01-01 00:00:00.0 | M75: 2025-12-31 00:00:00.0 | N75: =VLOOKUP(O75,index!$Q:$R,2,0) -> 01. 이러닝 - 통합위탁 | O75: 통합위탁 | P75: 없음 | Q75: 01 확정 | R75: =VLOOKUP(C75,'26년 databook(취합)'!$M:$M,2,0) -> #N/A | T75: 6000 | U75: 6000 | W75: 0 | Y75: 0 | AA75: 0 | AC75: 0 | AE75: 0 | AG75: 6000 | AI75: 0 | AK75: 0 | AM75: 0 | AO75: 0 | AQ75: 0 | AS75: 0
A76: 73 | B76: 2025 | C76: 49967-25-001 | D76: 기업교육4팀 | E76: 최수진 | F76: 아사아블로이코리아 | G76: 49316 | H76: 삼화정밀 | I76: 49967 | L76: 2025-01-01 00:00:00.0 | M76: 2025-12-31 00:00:00.0 | N76: =VLOOKUP(O76,index!$Q:$R,2,0) -> 01. 이러닝 - 통합위탁 | O76: 통합위탁 | P76: 없음 | Q76: 01 확정 | R76: =VLOOKUP(C76,'26년 databook(취합)'!$M:$M,2,0) -> #N/A | S76: 496000 | T76: 496000 | U76: 496000 | W76: 0 | Y76: 0 | AA76: 0 | AC76: 0 | AE76: 0 | AF76: 496000 | AG76: 496000 | AI76: 0 | AK76: 0 | AM76: 0 | AO76: 0 | AQ76: 0 | AS76: 0
A77: 74 | B77: 2025 | C77: 44052-25-001 | D77: 기업교육4팀 | E77: 최수진 | F77: 덕신이피씨 | G77: 14852 | H77: 디에스인터내셔널 | I77: 44052 | J77: 덕신하우징 | K77: G01630-C02743 | L77: 2025-01-01 00:00:00.0 | M77: 2025-12-31 00:00:00.0 | N77: =VLOOKUP(O77,index!$Q:$R,2,0) -> 01. 이러닝 - 통합위탁 | O77: 통합위탁 | P77: 없음 | Q77: 01 확정 | R77: =VLOOKUP(C77,'26년 databook(취합)'!$M:$M,2,0) -> #N/A | U77: 0
A78: 75 | B78: 2025 | C78: 43310-25-001 | D78: 기업교육4팀 | E78: 최수진 | F78: 덕신이피씨 | G78: 14852 | H78: 디앤에프 | I78: 43310 | J78: 덕신하우징 | K78: G01630-C02743 | L78: 2025-01-01 00:00:00.0 | M78: 2025-12-31 00:00:00.0 | N78: =VLOOKUP(O78,index!$Q:$R,2,0) -> 01. 이러닝 - 통합위탁 | O78: 통합위탁 | P78: 없음 | Q78: 01 확정 | R78: =VLOOKUP(C78,'26년 databook(취합)'!$M:$M,2,0) -> #N/A | T78: 20000 | U78: 20000 | W78: 0 | Y78: 0 | AA78: 0 | AC78: 0 | AE78: 0 | AG78: 20000 | AI78: 0 | AK78: 0 | AM78: 0 | AO78: 0 | AQ78: 0 | AS78: 0
A79: 76 | B79: 2025 | C79: 15430-25-001 | D79: 기업교육4팀 | E79: 최수진 | F79: 한불화농 | G79: 15430 | H79: 한불화농 | I79: 15430 | L79: 2025-01-01 00:00:00.0 | M79: 2025-12-31 00:00:00.0 | N79: =VLOOKUP(O79,index!$Q:$R,2,0) -> 02. 이러닝 - 단과 | O79: 단과 | P79: 없음 | Q79: 01 확정 | R79: =VLOOKUP(C79,'26년 databook(취합)'!$M:$M,2,0) -> #N/A | S79: 2280000 | T79: 2280000 | U79: 2280000 | W79: 0 | Y79: 0 | AA79: 0 | AC79: 0 | AE79: 0 | AF79: 2280000 | AG79: 2280000 | AI79: 0 | AK79: 0 | AM79: 0 | AO79: 0 | AQ79: 0 | AS79: 0
A80: 77 | B80: 2025 | C80: 61084-25-001 | D80: 기업교육4팀 | E80: 하예진 | F80: H 우선지원기업전용 | G80: 45802 | H80: 국제무역 | I80: 61084 | L80: 2025-01-01 00:00:00.0 | M80: 2025-12-31 00:00:00.0 | N80: =VLOOKUP(O80,index!$Q:$R,2,0) -> 09. 하이브리드러닝 - 순수 오프라인 | O80: 순수 오프라인 | P80: 없음 | Q80: 01 확정 | R80: =VLOOKUP(C80,'26년 databook(취합)'!$M:$M,2,0) -> #N/A | U80: 0
A81: 78 | B81: 2025 | C81: 60264-25-001 | D81: 기업교육4팀 | E81: 하예진 | F81: H 우선지원기업전용 | G81: 45802 | H81: 메딕스제약봉동지점 | I81: 60264 | L81: 2025-01-01 00:00:00.0 | M81: 2025-12-31 00:00:00.0 | N81: =VLOOKUP(O81,index!$Q:$R,2,0) -> 01. 이러닝 - 통합위탁 | O81: 통합위탁 | P81: 없음 | Q81: 01 확정 | R81: =VLOOKUP(C81,'26년 databook(취합)'!$M:$M,2,0) -> #N/A | T81: 540000 | U81: 540000 | W81: 0 | Y81: 0 | AA81: 0 | AC81: 0 | AE81: 0 | AG81: 540000 | AI81: 0 | AK81: 0 | AM81: 0 | AO81: 0 | AQ81: 0 | AS81: 0
A82: 79 | B82: 2025 | C82: 57899-25-001 | D82: 기업교육4팀 | E82: 하예진 | F82: H 우선지원기업전용 | G82: 45802 | H82: 이레산업 | I82: 57899 | L82: 2025-01-01 00:00:00.0 | M82: 2025-12-31 00:00:00.0 | N82: =VLOOKUP(O82,index!$Q:$R,2,0) -> 02. 이러닝 - 단과 | O82: 단과 | P82: 없음 | Q82: 01 확정 | R82: =VLOOKUP(C82,'26년 databook(취합)'!$M:$M,2,0) -> #N/A | T82: 108000 | U82: 108000 | W82: 0 | Y82: 0 | AA82: 0 | AC82: 0 | AE82: 0 | AG82: 108000 | AI82: 0 | AK82: 0 | AM82: 0 | AO82: 0 | AQ82: 0 | AS82: 0
A83: 80 | B83: 2025 | C83: 29147-25-001 | D83: 기업교육4팀 | E83: 하예진 | F83: H 우선지원기업전용 | G83: 45802 | H83: 현대소방설비 | I83: 29147 | J83: 현대소방설비 | K83: G02779-C04307 | L83: 2025-01-01 00:00:00.0 | M83: 2025-12-31 00:00:00.0 | N83: =VLOOKUP(O83,index!$Q:$R,2,0) -> 02. 이러닝 - 단과 | O83: 단과 | P83: 없음 | Q83: 01 확정 | R83: =VLOOKUP(C83,'26년 databook(취합)'!$M:$M,2,0) -> #N/A | T83: 98000 | U83: 98000 | W83: 0 | Y83: 0 | AA83: 0 | AC83: 0 | AE83: 0 | AG83: 98000 | AI83: 0 | AK83: 0 | AM83: 0 | AO83: 0 | AQ83: 0 | AS83: 0
A84: 81 | B84: 2025 | C84: 18410-25-001 | D84: 기업교육4팀 | E84: 방유진 | F84: 아마다코리아 | G84: 18410 | H84: 아마다코리아 | I84: 18410 | L84: 2025-01-01 00:00:00.0 | M84: 2025-12-31 00:00:00.0 | N84: =VLOOKUP(O84,index!$Q:$R,2,0) -> 09. 하이브리드러닝 - 순수 오프라인 | O84: 순수 오프라인 | P84: 없음 | Q84: 01 확정 | R84: =VLOOKUP(C84,'26년 databook(취합)'!$M:$M,2,0) -> #N/A | U84: 0
A85: 82 | B85: 2025 | C85: 63735-25-001 | D85: 기업교육4팀 | E85: 방유진 | F85: [휴넷] 우선지원기업전용 | G85: 23762 | H85: 도서출판보리 | I85: 63735 | L85: 2025-01-01 00:00:00.0 | M85: 2025-12-31 00:00:00.0 | N85: =VLOOKUP(O85,index!$Q:$R,2,0) -> 02. 이러닝 - 단과 | O85: 단과 | P85: 없음 | Q85: 01 확정 | R85: =VLOOKUP(C85,'26년 databook(취합)'!$M:$M,2,0) -> #N/A | T85: 600000 | U85: 600000 | W85: 0 | Y85: 0 | AA85: 0 | AC85: 0 | AE85: 0 | AG85: 600000 | AI85: 0 | AK85: 0 | AM85: 0 | AO85: 0 | AQ85: 0 | AS85: 0
A86: 83 | B86: 2025 | C86: 62158-25-001 | D86: 기업교육4팀 | E86: 방유진 | F86: E 우선지원기업전용 | G86: 42145 | H86: 광주광역시청소년삶디자인센터 | I86: 62158 | L86: 2025-01-01 00:00:00.0 | M86: 2025-12-31 00:00:00.0 | N86: =VLOOKUP(O86,index!$Q:$R,2,0) -> 02. 이러닝 - 단과 | O86: 단과 | P86: 없음 | Q86: 01 확정 | R86: =VLOOKUP(C86,'26년 databook(취합)'!$M:$M,2,0) -> #N/A | T86: 60000 | U86: 60000 | W86: 0 | Y86: 0 | AA86: 0 | AC86: 0 | AE86: 0 | AG86: 60000 | AI86: 0 | AK86: 0 | AM86: 0 | AO86: 0 | AQ86: 0 | AS86: 0
A87: 84 | B87: 2025 | C87: 61448-25-001 | D87: 기업교육4팀 | E87: 방유진 | F87: E 우선지원기업전용 | G87: 42145 | H87: 창경 | I87: 61448 | L87: 2025-01-01 00:00:00.0 | M87: 2025-12-31 00:00:00.0 | N87: =VLOOKUP(O87,index!$Q:$R,2,0) -> 02. 이러닝 - 단과 | O87: 단과 | P87: 없음 | Q87: 01 확정 | R87: =VLOOKUP(C87,'26년 databook(취합)'!$M:$M,2,0) -> #N/A | T87: 40000 | U87: 40000 | W87: 0 | Y87: 0 | AA87: 0 | AC87: 0 | AE87: 0 | AG87: 40000 | AI87: 0 | AK87: 0 | AM87: 0 | AO87: 0 | AQ87: 0 | AS87: 0
A88: 85 | B88: 2025 | C88: 60940-25-001 | D88: 기업교육4팀 | E88: 김성경 | F88: C 우선지원기업전용 | G88: 42109 | H88: 에이아이테크 | I88: 60940 | L88: 2025-01-01 00:00:00.0 | M88: 2025-12-31 00:00:00.0 | N88: =VLOOKUP(O88,index!$Q:$R,2,0) -> 02. 이러닝 - 단과 | O88: 단과 | P88: 없음 | Q88: 01 확정 | R88: =VLOOKUP(C88,'26년 databook(취합)'!$M:$M,2,0) -> #N/A | T88: 660000 | U88: 660000 | W88: 0 | Y88: 0 | AA88: 0 | AC88: 0 | AE88: 0 | AG88: 660000 | AI88: 0 | AK88: 0 | AM88: 0 | AO88: 0 | AQ88: 0 | AS88: 0
A89: 86 | B89: 2025 | C89: 59448-25-001 | D89: 기업교육4팀 | E89: 김성경 | F89: C 우선지원기업전용 | G89: 42109 | H89: 제이엔제이트레이더 | I89: 59448 | L89: 2025-01-01 00:00:00.0 | M89: 2025-12-31 00:00:00.0 | N89: =VLOOKUP(O89,index!$Q:$R,2,0) -> 02. 이러닝 - 단과 | O89: 단과 | P89: 없음 | Q89: 01 확정 | R89: =VLOOKUP(C89,'26년 databook(취합)'!$M:$M,2,0) -> #N/A | T89: 450000 | U89: 450000 | W89: 0 | Y89: 0 | AA89: 0 | AC89: 0 | AE89: 0 | AG89: 450000 | AI89: 0 | AK89: 0 | AM89: 0 | AO89: 0 | AQ89: 0 | AS89: 0
A90: 87 | B90: 2025 | C90: 45967-25-001 | D90: 기업교육4팀 | E90: 김성경 | F90: C 우선지원기업전용 | G90: 42109 | H90: 케이푸드(코리아푸드 계열사) | I90: 45967 | L90: 2025-01-01 00:00:00.0 | M90: 2025-12-31 00:00:00.0 | N90: =VLOOKUP(O90,index!$Q:$R,2,0) -> 02. 이러닝 - 단과 | O90: 단과 | P90: 없음 | Q90: 01 확정 | R90: =VLOOKUP(C90,'26년 databook(취합)'!$M:$M,2,0) -> #N/A | T90: 64000 | U90: 64000 | W90: 0 | Y90: 0 | AA90: 0 | AC90: 0 | AE90: 0 | AG90: 64000 | AI90: 0 | AK90: 0 | AM90: 0 | AO90: 0 | AQ90: 0 | AS90: 0
A91: 88 | B91: 2025 | C91: 43130-25-001 | D91: 기업교육4팀 | E91: 김성경 | F91: C 우선지원기업전용 | G91: 42109 | H91: 파노로스바이오사이언스 | I91: 43130 | J91: 파노로스바이오사이언스 | K91: G01592-C02685 | L91: 2025-01-01 00:00:00.0 | M91: 2025-12-31 00:00:00.0 | N91: =VLOOKUP(O91,index!$Q:$R,2,0) -> 02. 이러닝 - 단과 | O91: 단과 | P91: 없음 | Q91: 01 확정 | R91: =VLOOKUP(C91,'26년 databook(취합)'!$M:$M,2,0) -> #N/A | T91: 200000 | U91: 200000 | W91: 0 | Y91: 0 | AA91: 0 | AC91: 0 | AE91: 0 | AG91: 200000 | AI91: 0 | AK91: 0 | AM91: 0 | AO91: 0 | AQ91: 0 | AS91: 0
A92: 89 | B92: 2025 | C92: 42305-25-001 | D92: 기업교육4팀 | E92: 김성경 | F92: C 우선지원기업전용 | G92: 42109 | H92: 한국아이디정보 | I92: 42305 | J92: 한국아이디정보 | K92: G01256-C02127 | L92: 2025-01-01 00:00:00.0 | M92: 2025-12-31 00:00:00.0 | N92: =VLOOKUP(O92,index!$Q:$R,2,0) -> 02. 이러닝 - 단과 | O92: 단과 | P92: 없음 | Q92: 01 확정 | R92: =VLOOKUP(C92,'26년 databook(취합)'!$M:$M,2,0) -> #N/A | T92: 410000 | U92: 410000 | W92: 0 | Y92: 0 | AA92: 0 | AC92: 0 | AE92: 0 | AG92: 410000 | AI92: 0 | AK92: 0 | AM92: 0 | AO92: 0 | AQ92: 0 | AS92: 0
A93: 90 | B93: 2025 | C93: 30039-25-001 | D93: 기업교육4팀 | E93: 김성경 | F93: C 우선지원기업전용 | G93: 42109 | H93: 케이엠케이트레이딩 | I93: 30039 | J93: 케이엠케이트레이딩 | K93: G01466-C02508 | L93: 2025-01-01 00:00:00.0 | M93: 2025-12-31 00:00:00.0 | N93: =VLOOKUP(O93,index!$Q:$R,2,0) -> 02. 이러닝 - 단과 | O93: 단과 | P93: 없음 | Q93: 01 확정 | R93: =VLOOKUP(C93,'26년 databook(취합)'!$M:$M,2,0) -> #N/A | T93: 112000 | U93: 112000 | W93: 0 | Y93: 0 | AA93: 0 | AC93: 0 | AE93: 0 | AG93: 112000 | AI93: 0 | AK93: 0 | AM93: 0 | AO93: 0 | AQ93: 0 | AS93: 0
A94: 91 | B94: 2025 | C94: 12387-25-001 | D94: 기업교육4팀 | E94: 김성경 | F94: C 우선지원기업전용 | G94: 42109 | H94: ㈜삼신테크 | I94: 12387 | L94: 2025-01-01 00:00:00.0 | M94: 2025-12-31 00:00:00.0 | N94: =VLOOKUP(O94,index!$Q:$R,2,0) -> 02. 이러닝 - 단과 | O94: 단과 | P94: 없음 | Q94: 01 확정 | R94: =VLOOKUP(C94,'26년 databook(취합)'!$M:$M,2,0) -> #N/A | T94: 175000 | U94: 175000 | W94: 0 | Y94: 0 | AA94: 0 | AC94: 0 | AE94: 0 | AG94: 175000 | AI94: 0 | AK94: 0 | AM94: 0 | AO94: 0 | AQ94: 0 | AS94: 0
A95: 92 | B95: 2025 | C95: 63813-25-001 | D95: 기업교육4팀 | E95: 방유진 | F95: E 우선지원기업전용 | G95: 42145 | H95: 디앤엠세일즈앤마케팅코리아 | I95: 63813 | L95: 2025-01-01 00:00:00.0 | M95: 2025-12-31 00:00:00.0 | N95: =VLOOKUP(O95,index!$Q:$R,2,0) -> 02. 이러닝 - 단과 | O95: 단과 | P95: 없음 | Q95: 01 확정 | R95: =VLOOKUP(C95,'26년 databook(취합)'!$M:$M,2,0) -> #N/A | T95: 440000 | U95: 440000 | W95: 0 | Y95: 0 | AA95: 0 | AC95: 0 | AE95: 0 | AG95: 440000 | AI95: 0 | AK95: 0 | AM95: 0 | AO95: 0 | AQ95: 0 | AS95: 0
A96: 93 | B96: 2025 | C96: 63946-25-001 | D96: 기업교육4팀 | E96: 방유진 | F96: E 우선지원기업전용 | G96: 42145 | H96: 위드이노베이션 | I96: 63946 | L96: 2025-10-01 00:00:00.0 | M96: 2026-11-01 00:00:00.0 | N96: =VLOOKUP(O96,index!$Q:$R,2,0) -> 02. 이러닝 - 단과 | O96: 단과 | P96: 없음 | Q96: 01 확정 | R96: =VLOOKUP(C96,'26년 databook(취합)'!$M:$M,2,0) -> #N/A | U96: 0
A97: 94 | B97: 2025 | C97: 63306-25-002 | D97: 기업교육4팀 | E97: 최수진 | F97: K 우선지원기업전용 | G97: 42571 | H97: (주)포스원코리아 | I97: 63306 | L97: 2025-01-01 00:00:00.0 | M97: 2025-12-31 00:00:00.0 | N97: =VLOOKUP(O97,index!$Q:$R,2,0) -> 01. 이러닝 - 통합위탁 | O97: 통합위탁 | P97: 없음 | Q97: 01 확정 | R97: =VLOOKUP(C97,'26년 databook(취합)'!$M:$M,2,0) -> #N/A | T97: 126000 | U97: 126000 | W97: 0 | Y97: 0 | AA97: 0 | AC97: 0 | AE97: 0 | AG97: 126000 | AI97: 0 | AK97: 0 | AM97: 0 | AO97: 0 | AQ97: 0 | AS97: 0
A98: 95 | B98: 2025 | C98: 63674-25-001 | D98: 기업교육4팀 | E98: 김두희 | F98: 파이오링크FLEX | G98: 63674 | H98: 파이오링크FLEX | I98: 63674 | L98: 2025-05-01 00:00:00.0 | M98: 2025-12-31 00:00:00.0 | N98: =VLOOKUP(O98,index!$Q:$R,2,0) -> 01. 이러닝 - 통합위탁 | O98: 통합위탁 | P98: 없음 | Q98: 01 확정 | R98: =VLOOKUP(C98,'26년 databook(취합)'!$M:$M,2,0) -> #N/A | T98: 15000000 | U98: 15000000 | W98: 0 | Y98: 0 | AA98: 0 | AC98: 0 | AE98: 0 | AG98: 15000000 | AI98: 0 | AK98: 0 | AM98: 0 | AO98: 0 | AQ98: 0 | AS98: 0
A99: 96 | B99: 2025 | C99: 63296-25-001 | D99: 기업교육4팀 | E99: 김두희 | F99: 키콕스파트너스FLEX | G99: 63296 | H99: 키콕스파트너스FLEX | I99: 63296 | L99: 2025-05-01 00:00:00.0 | M99: 2025-06-19 00:00:00.0 | N99: =VLOOKUP(O99,index!$Q:$R,2,0) -> 01. 이러닝 - 통합위탁 | O99: 통합위탁 | P99: 없음 | Q99: 01 확정 | R99: =VLOOKUP(C99,'26년 databook(취합)'!$M:$M,2,0) -> #N/A | T99: 6720000 | U99: 6720000 | W99: 0 | Y99: 0 | AA99: 0 | AC99: 0 | AE99: 0 | AG99: 6720000 | AI99: 0 | AK99: 0 | AM99: 0 | AO99: 0 | AQ99: 0 | AS99: 0
A100: 97 | B100: 2025 | C100: 63824-25-001 | D100: 기업교육4팀 | E100: 김두희 | F100: 시노펙스FLEX | G100: 63824 | H100: 시노펙스FLEX | I100: 63824 | L100: 2025-05-01 00:00:00.0 | M100: 2025-12-31 00:00:00.0 | N100: =VLOOKUP(O100,index!$Q:$R,2,0) -> 01. 이러닝 - 통합위탁 | O100: 통합위탁 | P100: 없음 | Q100: 01 확정 | R100: =VLOOKUP(C100,'26년 databook(취합)'!$M:$M,2,0) -> #N/A | T100: 6126000 | U100: 6126000 | W100: 0 | Y100: 0 | AA100: 0 | AC100: 0 | AE100: 0 | AG100: 6000000 | AI100: 126000 | AK100: 0 | AM100: 0 | AO100: 0 | AQ100: 0 | AS100: 0
...

Sheet 26년 databook(취합)
D1: FS2팀 데이터북
D2: *공지사항* | W2: 구 분 | Z2: 전주 | AC2: 금주 | AD2: 차이 | AE2: 비고
W3: 유형석 | Z3: 532627500 | AC3: =SUMIFS($AC$21:$AC$653,$Z$21:$Z$653,"01 확정",$G$21:$G$653,W3) -> 536387500 | AD3: =AC3-Z3 -> 3760000
W4: 최상근 | Z4: 1264994000 | AC4: =SUMIFS($AC$21:$AC$653,$Z$21:$Z$653,"01 확정",$G$21:$G$653,W4) -> 1264994000 | AD4: =AC4-Z4 -> 0
W5: 이동호 | Z5: 448455280 | AC5: =SUMIFS($AC$21:$AC$653,$Z$21:$Z$653,"01 확정",$G$21:$G$653,W5) -> 448455280 | AD5: =AC5-Z5 -> 0
W6: 임성은 | Z6: 265249500 | AC6: =SUMIFS($AC$21:$AC$653,$Z$21:$Z$653,"01 확정",$G$21:$G$653,W6) -> 265249500 | AD6: =AC6-Z6 -> 0
W7: 국문정 | Z7: 0 | AC7: =SUMIFS($AC$21:$AC$653,$Z$21:$Z$653,"01 확정",$G$21:$G$653,W7) -> 0 | AD7: 0
W14: 총합계 | Z14: 2511326280 | AC14: =SUM(AC3:AC13) -> 2515086280 | AD14: =AC14-Z14 -> 3760000
W19: ★수정금지★ | X19: ↓수정 금액 작성 | AA19: 추후사용 | AB19: 추후사용
A20: =SUBTOTAL(3,A22:A98330) -> 114 | H20: 추후사용 | L20: 추후사용 | N20: *유형 선택 | O20: *유형 선택 | P20: *유형 선택 | T20: "O"로 표기해주세요. | U20: =SUBTOTAL(9,U636:U1048576) -> 0 | V20: =SUBTOTAL(9,V636:V1048576) -> 0 | W20: =SUBTOTAL(9,W22:W1048576) -> 467603700 | X20: =SUBTOTAL(9,X22:X1048576) -> 0 | Z20: *유형 선택 | AC20: =SUBTOTAL(9,AC22:AC1048576) -> 867137500 | AD20: =SUBTOTAL(9,AD22:AD1048576) -> 1165377500 | AE20: =SUBTOTAL(9,AE22:AE1048576) -> -298240000 | AF20: =SUBTOTAL(9,AF22:AF1048576) -> 253000 | AG20: =SUBTOTAL(9,AG22:AG1048576) -> 21736500 | AH20: =SUBTOTAL(9,AH22:AH1048576) -> 0 | AI20: =SUBTOTAL(9,AI22:AI1048576) -> 9079000 | AJ20: =SUBTOTAL(9,AJ22:AJ1048576) -> 15784000 | ... BF20: =SUBTOTAL(9,BF22:BF1048576) -> 1400000
A21: 고유 번호 | B21: 24년 담당팀 | C21: 24년 영업대표 | D21: 25년 담당팀 | E21: 25년 영업대표 | F21: 26년 최종팀 | G21: 26년 영업대표 (as_is) | H21: 26년 영업대표 (변경 전) | I21: 26년 영업대표 (To_be) | J21: 기업명 (HSM 기준) | K21: 영업기회코드 | L21: 그룹사 | M21: 기업코드 | N21: 기업등급 (신규) | O21: 고객구분 | P21: LMS 상태 | Q21: 24년 사업유형 | R21: 25년 사업유형 | S21: 26년 사업유형 | T21: 핵심 Target R/S 기업 | U21: 23년 매출 | V21: 24년 매출 | W21: 25년 매출 (원본/수정금지) | X21: 25년 매출 수정금액 작성 | Y21: 25년 확정/가망/기회 | Z21: 26년 확정/가망/기회 | AA21: THSM 확/가/기 | AB21: 검수 | AC21: 26년 예상매출합계 | AD21: 전주 | AE21: 차이 | AF21: 1월 예상 | AG21: 1월 마감 | AH21: 1월 매출변동 사유 | AI21: 2월 예상 | AJ21: 2월 마감 | AK21: 2월 매출변동 사유 | AL21: 3월 예상 | AM21: 3월 마감 | AN21: 3월 매출변동 사유 | AO21: 4월 예상 | AP21: 4월 매출변동 사유 | AQ21: 5월 예상 | AR21: 5월 매출변동 사유 | AS21: 6월 예상 | AT21: 6월 매출변동 사유 | AU21: 7월 예상 | AV21: 7월 매출변동 사유 | AW21: 8월 예상 | AX21: 8월 매출변동 사유 | AY21: 9월 예상 | AZ21: 9월 매출변동 사유 | BA21: 10월 예상 | BB21: 10월 매출변동 사유 | BC21: 11월 예상 | BD21: 11월 매출변동 사유 | BE21: 12월 예상 | BF21: 12월 매출변동 사유
A22: 28 | D22: FS팀 | E22: 김지선 | F22: FS2팀 | G22: 유형석 | J22: (주)유베이스 | M22: 977 | N22: 1001~2000 | Q22: 02. 이러닝 - 단과 | R22: 02. 이러닝 - 단과 | S22: 02. 이러닝 - 단과 | W22: 80000000 | Y22: 01 확정 | Z22: 01 확정 | AC22: =AG22+AJ22+AM22+AO22+AQ22+AS22+AU22+AW22+AY22+BA22+BC22+BE22 -> 80000000 | AD22: 80000000 | AE22: =AC22-AD22 -> 0 | AO22: 40000000 | BE22: 40000000
A23: 9 | D23: FS팀 | E23: 유형석 | F23: FS2팀 | G23: 유형석 | J23: (주)삼우종합건축사사무소 | M23: 6706 | N23: 1001~2000 | Q23: 02. 이러닝 - 단과 | R23: 02. 이러닝 - 단과 | S23: 02. 이러닝 - 단과 | W23: 60000000 | Y23: 01 확정 | Z23: 01 확정 | AC23: =AG23+AJ23+AM23+AO23+AQ23+AS23+AU23+AW23+AY23+BA23+BC23+BE23 -> 60000000 | AD23: 60000000 | AE23: =AC23-AD23 -> 0 | AY23: 30000000 | BE23: 30000000
A24: 22 | D24: FS팀 | E24: 유형석 | F24: FS2팀 | G24: 유형석 | J24: (주)아이티엠반도체 | M24: 63288 | N24: 1~1000 | Q24: 26. 이러닝 - 정부지원사업 | R24: 26. 이러닝 - 정부지원사업 | S24: 06. 이러닝 - 정부지원사업 | W24: 34860000 | Y24: 02 가망 | Z24: 01 확정 | AC24: =AG24+AJ24+AM24+AO24+AQ24+AS24+AU24+AW24+AY24+BA24+BC24+BE24 -> 38080000 | AD24: 38080000 | AE24: =AC24-AD24 -> 0 | BC24: 38080000
A25: 53 | D25: FS팀 | E25: 유형석 | F25: FS2팀 | G25: 유형석 | J25: 디알비동일 | M25: 4141 | N25: 1만대 이하 | Q25: 08. 하이브리드러닝 - 하이브리드형 러닝 | R25: 08. 하이브리드러닝 - 하이브리드형 러닝 | S25: 08. 하이브리드러닝 - 하이브리드형 러닝 | W25: 34670000 | Y25: 01 확정 | Z25: 06 사업취소 | AC25: =AG25+AJ25+AM25+AO25+AQ25+AS25+AU25+AW25+AY25+BA25+BC25+BE25 -> 0 | AD25: 0 | AE25: =AC25-AD25 -> 0
A26: 34 | D26: FS팀 | E26: 유형석 | F26: FS2팀 | G26: 유형석 | J26: (주)티와이엠 | M26: 4003 | N26: 1~1000 | Q26: 02. 이러닝 - 단과 | R26: 02. 이러닝 - 단과 | S26: 02. 이러닝 - 단과 | W26: 26200000 | Y26: 01 확정 | Z26: 01 확정 | AC26: =AG26+AJ26+AM26+AO26+AQ26+AS26+AU26+AW26+AY26+BA26+BC26+BE26 -> 30000000 | AD26: 30000000 | AE26: =AC26-AD26 -> 0 | BE26: 30000000
A27: 4 | D27: FS팀 | E27: 유형석 | F27: FS2팀 | G27: 유형석 | J27: (주)동연에스엔티 | M27: 11353 | N27: 1만대 이하 | Q27: 02. 이러닝 - 단과 | R27: 02. 이러닝 - 단과 | S27: 02. 이러닝 - 단과 | W27: 19760000 | Y27: 01 확정 | Z27: 04 실주 | AC27: =AG27+AJ27+AM27+AO27+AQ27+AS27+AU27+AW27+AY27+BA27+BC27+BE27 -> 0 | AD27: 0 | AE27: =AC27-AD27 -> 0
A28: 85 | F28: FS2팀 | G28: 유형석 | J28: 은산해운항공 | M28: 14680 | S28: 02. 이러닝 - 단과 | W28: 17470500 | Z28: 01 확정 | AC28: =AG28+AJ28+AM28+AO28+AQ28+AS28+AU28+AW28+AY28+BA28+BC28+BE28 -> 1700000 | AD28: 1700000 | AE28: =AC28-AD28 -> 0 | AG28: 1700000
A29: 19 | D29: FS팀 | E29: 유형석 | F29: FS2팀 | G29: 유형석 | J29: (주)아이더스에프앤비 | M29: 63423 | N29: 3001~4000 | Q29: 26. 이러닝 - 정부지원사업 | R29: 26. 이러닝 - 정부지원사업 | S29: 06. 이러닝 - 정부지원사업 | W29: 15120000 | Y29: 02 가망 | Z29: 06 사업취소 | AC29: =AG29+AJ29+AM29+AO29+AQ29+AS29+AU29+AW29+AY29+BA29+BC29+BE29 -> 0 | AD29: 0 | AE29: =AC29-AD29 -> 0
A30: 55 | D30: FS팀 | E30: 유형석 | F30: FS2팀 | G30: 유형석 | J30: 디알비동일 | M30: 4141 | N30: 1만대 이하 | Q30: 28.구독 - 휴넷FLEX | R30: 28.구독 - 휴넷FLEX | S30: 13. 구독 - 휴넷FLEX | V30: 7140000 | W30: 15000000 | Y30: 01 확정 | Z30: 01 확정 | AC30: =AG30+AJ30+AM30+AO30+AQ30+AS30+AU30+AW30+AY30+BA30+BC30+BE30 -> 20000000 | AD30: 20000000 | AE30: =AC30-AD30 -> 0 | AO30: 20000000
A31: 95 | D31: 기업교육4팀 | E31: 최재희 | F31: FS2팀 | G31: 유형석 | J31: 티아이씨㈜ | M31: 12194 | N31: 4001~5000 | Q31: 02. 이러닝 - 단과 | R31: 02. 이러닝 - 단과 | S31: 02. 이러닝 - 단과 | V31: 9382000 | W31: 12992000 | Y31: 01 확정 | Z31: 01 확정 | AC31: =AG31+AJ31+AM31+AO31+AQ31+AS31+AU31+AW31+AY31+BA31+BC31+BE31 -> 9050000 | AD31: 9050000 | AE31: =AC31-AD31 -> 0 | AF31: 0 | AJ31: 130000 | AO31: 7920000 | AS31: 0 | AU31: 0 | AW31: 0 | AY31: 1000000 | BA31: 0 | BC31: 0 | BE31: 0
A32: 6 | D32: 기업교육4팀 | E32: 최재희 | F32: FS2팀 | G32: 유형석 | J32: (주)레드캡투어 | M32: 14835 | N32: 1001~2000 | Q32: 03. 이러닝 - 법정 | R32: 03. 이러닝 - 법정 | S32: 03. 이러닝 - 법정 | V32: 5432000 | W32: 9627000 | Y32: 01 확정 | Z32: 01 확정 | AC32: =AG32+AJ32+AM32+AO32+AQ32+AS32+AU32+AW32+AY32+BA32+BC32+BE32 -> 9000000 | AD32: 9000000 | AE32: =AC32-AD32 -> 0 | AF32: 0 | AI32: 0 | AJ32: 0 | AO32: 0 | AQ32: 6000000 | AS32: 0 | AU32: 0 | AW32: 0 | AY32: 0 | BA32: 0 | BC32: 3000000 | BE32: 0
A33: 23 | D33: 기업교육4팀 | E33: 김성경 | F33: FS2팀 | G33: 유형석 | J33: (주)알라딘커뮤니케이션 | M33: 1295 | N33: 1001~2000 | Q33: 02. 이러닝 - 단과 | R33: 02. 이러닝 - 단과 | S33: 02. 이러닝 - 단과 | U33: 6321500 | V33: 0 | W33: 9414000 | Y33: 01 확정 | Z33: 01 확정 | AC33: =AG33+AJ33+AM33+AO33+AQ33+AS33+AU33+AW33+AY33+BA33+BC33+BE33 -> 5000000 | AD33: 5000000 | AE33: =AC33-AD33 -> 0 | AF33: 0 | AO33: 0 | AQ33: 0 | AS33: 0 | AU33: 3000000 | AW33: 0 | AY33: 2000000 | BA33: 0 | BC33: 0 | BE33: 0
A34: 103 | D34: FS팀 | E34: 유형석 | F34: FS2팀 | G34: 유형석 | J34: 한국에스지에스㈜ | M34: 11577 | N34: 2001~3000 | Q34: 28.구독 - 휴넷FLEX | R34: 28.구독 - 휴넷FLEX | S34: 13. 구독 - 휴넷FLEX | W34: 9000000 | Y34: 01 확정 | Z34: 06 사업취소 | AC34: =AG34+AJ34+AM34+AO34+AQ34+AS34+AU34+AW34+AY34+BA34+BC34+BE34 -> 0 | AD34: 0 | AE34: =AC34-AD34 -> 0
A35: 36 | D35: 기업교육4팀 | E35: 하예진 | F35: FS2팀 | G35: 유형석 | J35: (주)해안종합건축사사무소 | M35: 19358 | N35: 2001~3000 | Q35: 08. 하이브리드러닝 - 하이브리드형 러닝 | R35: 08. 하이브리드러닝 - 하이브리드형 러닝 | S35: 03. 이러닝 - 법정 | V35: 4050000 | W35: 8919000 | Y35: 01 확정 | Z35: 01 확정 | AC35: =AG35+AJ35+AM35+AO35+AQ35+AS35+AU35+AW35+AY35+BA35+BC35+BE35 -> 7440000 | AD35: 7440000 | AE35: =AC35-AD35 -> 0 | AM35: 7440000 | AO35: 0 | AQ35: 0 | AS35: 0 | AU35: 0 | AW35: 0 | AY35: 0 | BA35: 0 | BC35: 0 | BE35: 0
A36: 47 | D36: 기업교육4팀 | E36: 하예진 | F36: FS2팀 | G36: 유형석 | J36: 다스코㈜ | M36: 5703 | N36: 1001~2000 | Q36: 02. 이러닝 - 단과 | R36: 02. 이러닝 - 단과 | S36: 02. 이러닝 - 단과 | V36: 21787400 | W36: 8533000 | Y36: 01 확정 | Z36: 01 확정 | AC36: =AG36+AJ36+AM36+AO36+AQ36+AS36+AU36+AW36+AY36+BA36+BC36+BE36 -> 5000000 | AD36: 5000000 | AE36: =AC36-AD36 -> 0 | AF36: 0 | AN36: 4월 교육 오픈 및 청구 | AO36: 5000000 | AQ36: 0 | AU36: 0 | AY36: 0 | BA36: 0 | BC36: 0 | BE36: 0
A37: 102 | D37: FS팀 | E37: 유형석 | F37: FS2팀 | G37: 유형석 | J37: 한국에스지에스㈜ | M37: 11577 | N37: 2001~3000 | Q37: 08. 하이브리드러닝 - 하이브리드형 러닝 | R37: 08. 하이브리드러닝 - 하이브리드형 러닝 | S37: 08. 하이브리드러닝 - 하이브리드형 러닝 | W37: 7932400 | Y37: 01 확정 | Z37: 02 가망 | AC37: =AG37+AJ37+AM37+AO37+AQ37+AS37+AU37+AW37+AY37+BA37+BC37+BE37 -> 8000000 | AD37: 8000000 | AE37: =AC37-AD37 -> 0 | AQ37: 8000000
A38: 12 | D38: 기업교육4팀 | E38: 최수진 | F38: FS2팀 | G38: 유형석 | J38: (주)스포티비 | M38: 31189 | N38: 4001~5000 | Q38: 02. 이러닝 - 단과 | R38: 02. 이러닝 - 단과 | S38: 02. 이러닝 - 단과 | W38: 7776000 | Y38: 01 확정 | Z38: 01 확정 | AC38: =AG38+AJ38+AM38+AO38+AQ38+AS38+AU38+AW38+AY38+BA38+BC38+BE38 -> 5000000 | AD38: 5000000 | AE38: =AC38-AD38 -> 0 | AO38: 0 | AQ38: 0 | AS38: 2000000 | AU38: 0 | AW38: 0 | AY38: 0 | BA38: 0 | BC38: 3000000 | BE38: 0
A39: 15 | D39: FS팀 | E39: 유형석 | F39: FS2팀 | G39: 유형석 | J39: (주)씨티알 | M39: 1705 | N39: 1~1000 | Q39: 02. 이러닝 - 단과 | R39: 02. 이러닝 - 단과 | S39: 02. 이러닝 - 단과 | W39: 6800000 | Y39: 01 확정 | Z39: 01 확정 | AC39: =AG39+AJ39+AM39+AO39+AQ39+AS39+AU39+AW39+AY39+BA39+BC39+BE39 -> 6000000 | AD39: 6000000 | AE39: =AC39-AD39 -> 0 | AS39: 6000000
A40: 1 | D40: 기업교육4팀 | E40: 최재희 | F40: FS2팀 | G40: 유형석 | J40: (주)다스 | M40: 3226 | N40: 1~1000 | Q40: 08. 하이브리드러닝 - 하이브리드형 러닝 | R40: 08. 하이브리드러닝 - 하이브리드형 러닝 | S40: 08. 하이브리드러닝 - 하이브리드형 러닝 | U40: 5420000 | V40: 21170000 | W40: 6330800 | Y40: 02 가망 | Z40: 01 확정 | AC40: =AG40+AJ40+AM40+AO40+AQ40+AS40+AU40+AW40+AY40+BA40+BC40+BE40 -> 12250000 | AD40: 12250000 | AE40: =AC40-AD40 -> 0 | AG40: 12250000 | AI40: 0 | AJ40: 0 | AO40: 0 | AQ40: 0 | AS40: 0 | AW40: 0 | AY40: 0 | BA40: 0 | BC40: 0 | BE40: 0
A41: 7 | D41: FS팀 | E41: 유형석 | F41: FS2팀 | G41: 유형석 | J41: (주)비와이엔블랙야크 | M41: 15169 | N41: 1001~2000 | Q41: 09. 하이브리드러닝 - 순수 오프라인 | R41: 09. 하이브리드러닝 - 순수 오프라인 | S41: 09. 하이브리드러닝 - 순수 오프라인 | W41: 5500000 | Y41: 01 확정 | Z41: 01 확정 | AC41: =AG41+AJ41+AM41+AO41+AQ41+AS41+AU41+AW41+AY41+BA41+BC41+BE41 -> 5000000 | AD41: 5000000 | AE41: =AC41-AD41 -> 0 | AQ41: 5000000
A42: 26 | D42: FS팀 | E42: 유형석 | F42: FS2팀 | G42: 유형석 | J42: (주)애큐온캐피탈 | M42: 10415 | N42: 1001~2000 | Q42: 09. 하이브리드러닝 - 순수 오프라인 | R42: 09. 하이브리드러닝 - 순수 오프라인 | S42: 09. 하이브리드러닝 - 순수 오프라인 | W42: 4940000 | Y42: 02 가망 | Z42: 01 확정 | AC42: =AG42+AJ42+AM42+AO42+AQ42+AS42+AU42+AW42+AY42+BA42+BC42+BE42 -> 1290000 | AD42: 1290000 | AE42: =AC42-AD42 -> 0 | AM42: 1290000
A43: 106 | F43: FS2팀 | G43: 유형석 | J43: 한살림연합회_A25 | M43: 64820 | S43: 06. 이러닝 - 정부지원사업 | W43: 4760000 | Y43: 01 확정 | AC43: =AG43+AJ43+AM43+AO43+AQ43+AS43+AU43+AW43+AY43+BA43+BC43+BE43 -> 0 | AD43: 0 | AE43: =AC43-AD43 -> 0
A44: 38 | D44: 기업교육4팀 | E44: 하예진 | F44: FS2팀 | G44: 유형석 | J44: [57974]이베이재팬 | M44: 57974 | Q44: 1. 온라인 - 단과 | R44: 02. 이러닝 - 단과 | S44: 02. 이러닝 - 단과 | V44: 3060000 | W44: 3675000 | Y44: 02 가망 | Z44: 03 기회 | AC44: =AG44+AJ44+AM44+AO44+AQ44+AS44+AU44+AW44+AY44+BA44+BC44+BE44 -> 0 | AD44: 0 | AE44: =AC44-AD44 -> 0 | AF44: 0 | AI44: 0 | AJ44: 0 | AO44: 0 | AQ44: 0 | AS44: 0 | AU44: 0 | AW44: 0 | AY44: 0 | BA44: 0 | BC44: 0 | BE44: 0
A45: 37 | D45: 기업교육4팀 | E45: 하예진 | F45: FS2팀 | G45: 유형석 | J45: (주)해안종합건축사사무소 | M45: 19358 | N45: 2001~3000 | Q45: 08. 하이브리드러닝 - 하이브리드형 러닝 | R45: 08. 하이브리드러닝 - 하이브리드형 러닝 | S45: 08. 하이브리드러닝 - 하이브리드형 러닝 | V45: 4050000 | W45: 3600000 | Y45: 01 확정 | Z45: 01 확정 | AC45: =AG45+AJ45+AM45+AO45+AQ45+AS45+AU45+AW45+AY45+BA45+BC45+BE45 -> 0 | AD45: 0 | AE45: =AC45-AD45 -> 0 | AF45: 0 | AI45: 3000000 | AO45: 0 | AQ45: 0 | AS45: 0 | AU45: 0 | AW45: 0 | AY45: 0 | BA45: 0 | BC45: 0 | BE45: 0
A46: 72 | D46: FS팀 | E46: 유형석 | F46: FS2팀 | G46: 유형석 | J46: 에스넷시스템㈜ | M46: 63442 | N46: 1001~2000 | Q46: 03. 이러닝 - 법정 | R46: 03. 이러닝 - 법정 | S46: 03. 이러닝 - 법정 | W46: 3534000 | Y46: 01 확정 | Z46: 01 확정 | AC46: =AG46+AJ46+AM46+AO46+AQ46+AS46+AU46+AW46+AY46+BA46+BC46+BE46 -> 5035000 | AD46: 5035000 | AE46: =AC46-AD46 -> 0 | AJ46: 35000 | BE46: 5000000
A47: 54 | D47: FS팀 | E47: 유형석 | F47: FS2팀 | G47: 유형석 | J47: 디알비동일 | M47: 4141 | N47: 1만대 이하 | Q47: 09. 하이브리드러닝 - 순수 오프라인 | R47: 09. 하이브리드러닝 - 순수 오프라인 | S47: 09. 하이브리드러닝 - 순수 오프라인 | W47: 3500000 | Y47: 01 확정 | Z47: 01 확정 | AC47: =AG47+AJ47+AM47+AO47+AQ47+AS47+AU47+AW47+AY47+BA47+BC47+BE47 -> 4000000 | AD47: 4000000 | AE47: =AC47-AD47 -> 0 | AU47: 4000000
A48: 105 | F48: FS2팀 | G48: 유형석 | J48: 한살림사업연합_A25 | M48: 64821 | S48: 06. 이러닝 - 정부지원사업 | W48: 3444000 | Y48: 01 확정 | AC48: =AG48+AJ48+AM48+AO48+AQ48+AS48+AU48+AW48+AY48+BA48+BC48+BE48 -> 0 | AD48: 0 | AE48: =AC48-AD48 -> 0
A49: 10 | D49: FS팀 | E49: 유형석 | F49: FS2팀 | G49: 유형석 | J49: (주)삼우종합건축사사무소 | M49: 6706 | N49: 1001~2000 | Q49: 09. 하이브리드러닝 - 순수 오프라인 | R49: 09. 하이브리드러닝 - 순수 오프라인 | S49: 09. 하이브리드러닝 - 순수 오프라인 | W49: 2800000 | Y49: 01 확정 | Z49: 01 확정 | AC49: =AG49+AJ49+AM49+AO49+AQ49+AS49+AU49+AW49+AY49+BA49+BC49+BE49 -> 2680000 | AD49: 2680000 | AE49: =AC49-AD49 -> 0 | AG49: 2680000
A50: 31 | D50: FS팀 | E50: 유형석 | F50: FS2팀 | G50: 유형석 | J50: (주)제니엘 | M50: 5542 | N50: 2001~3000 | Q50: 09. 하이브리드러닝 - 순수 오프라인 | R50: 09. 하이브리드러닝 - 순수 오프라인 | S50: 09. 하이브리드러닝 - 순수 오프라인 | W50: 2720000 | Y50: 01 확정 | Z50: 01 확정 | AC50: =AG50+AJ50+AM50+AO50+AQ50+AS50+AU50+AW50+AY50+BA50+BC50+BE50 -> 2800000 | AD50: 2800000 | AE50: =AC50-AD50 -> 0 | AM50: 2800000
A51: 17 | D51: FS팀 | E51: 유형석 | F51: FS2팀 | G51: 유형석 | J51: (주)씨티알로보틱스 | M51: 61618 | N51: 1만대 이하 | Q51: 28.구독 - 휴넷FLEX | R51: 28.구독 - 휴넷FLEX | S51: 13. 구독 - 휴넷FLEX | W51: 2400000 | Y51: 01 확정 | Z51: 01 확정 | AC51: =AG51+AJ51+AM51+AO51+AQ51+AS51+AU51+AW51+AY51+BA51+BC51+BE51 -> 2000000 | AD51: 2000000 | AE51: =AC51-AD51 -> 0 | AO51: 2000000
A52: 73 | D52: FS팀 | E52: 유형석 | F52: FS2팀 | G52: 유형석 | J52: 에스넷시스템㈜ | M52: 63442 | N52: 1001~2000 | Q52: 09. 하이브리드러닝 - 순수 오프라인 | R52: 09. 하이브리드러닝 - 순수 오프라인 | S52: 09. 하이브리드러닝 - 순수 오프라인 | W52: 2400000 | Y52: 02 가망 | Z52: 01 확정 | AC52: =AG52+AJ52+AM52+AO52+AQ52+AS52+AU52+AW52+AY52+BA52+BC52+BE52 -> 17640000 | AD52: 17640000 | AE52: =AC52-AD52 -> 0 | AJ52: 3640000 | AO52: 7000000 | AU52: 7000000
A53: 46 | F53: FS2팀 | G53: 유형석 | J53: 굿어스스마트솔루션 | M53: 45748 | S53: 02. 이러닝 - 단과 | W53: 2394000 | Y53: 01 확정 | Z53: 02 가망 | AC53: =AG53+AJ53+AM53+AO53+AQ53+AS53+AU53+AW53+AY53+BA53+BC53+BE53 -> 0 | AD53: 0 | AE53: =AC53-AD53 -> 0
A54: 49 | D54: FS팀 | E54: 유형석 | F54: FS2팀 | G54: 유형석 | J54: 대림바스 주식회사 | M54: 63453 | N54: 1001~2000 | Q54: 09. 하이브리드러닝 - 순수 오프라인 | R54: 09. 하이브리드러닝 - 순수 오프라인 | S54: 09. 하이브리드러닝 - 순수 오프라인 | W54: 2320000 | Y54: 01 확정 | Z54: 01 확정 | AC54: =AG54+AJ54+AM54+AO54+AQ54+AS54+AU54+AW54+AY54+BA54+BC54+BE54 -> 2000000 | AD54: 2000000 | AE54: =AC54-AD54 -> 0 | AO54: 2000000
A55: 104 | D55: FS팀 | E55: 유형석 | F55: FS2팀 | G55: 유형석 | J55: 한국캐피탈㈜ | M55: 17827 | N55: 1001~2000 | Q55: 02. 이러닝 - 단과 | R55: 02. 이러닝 - 단과 | S55: 02. 이러닝 - 단과 | W55: 2200000 | Y55: 01 확정 | Z55: 01 확정 | AC55: =AG55+AJ55+AM55+AO55+AQ55+AS55+AU55+AW55+AY55+BA55+BC55+BE55 -> 2000000 | AD55: 2000000 | AE55: =AC55-AD55 -> 0 | AW55: 2000000
A56: 68 | F56: FS2팀 | G56: 유형석 | J56: 아이티룩스 | M56: 15982 | S56: 02. 이러닝 - 단과 | W56: 2162000 | Z56: 09 2025년 매출 | AC56: =AG56+AJ56+AM56+AO56+AQ56+AS56+AU56+AW56+AY56+BA56+BC56+BE56 -> 0 | AD56: 0 | AE56: =AC56-AD56 -> 0
A57: 92 | D57: 기업교육4팀 | E57: 하예진 | F57: FS2팀 | G57: 유형석 | J57: 지마켓 | M57: 50330 | R57: 02. 이러닝 - 단과 | S57: 02. 이러닝 - 단과 | W57: 2140000 | Y57: 01 확정 | Z57: 09 2025년 매출 | AC57: =AG57+AJ57+AM57+AO57+AQ57+AS57+AU57+AW57+AY57+BA57+BC57+BE57 -> 0 | AD57: 0 | AE57: =AC57-AD57 -> 0 | AF57: 0 | AI57: 0 | AJ57: 0 | AO57: 0 | AQ57: 0 | AS57: 0 | AU57: 0 | AW57: 0 | AY57: 0 | BA57: 0 | BC57: 0 | BE57: 0
A58: 56 | D58: FS팀 | E58: 유형석 | F58: FS2팀 | G58: 유형석 | J58: 디알비동일 | M58: 4141 | N58: 1만대 이하 | Q58: 24. 기타 - 포럼 | R58: 24. 기타 - 포럼 | S58: 23. 기타 - 포럼 | W58: 2137500 | Y58: 01 확정 | Z58: 01 확정 | AC58: =AG58+AJ58+AM58+AO58+AQ58+AS58+AU58+AW58+AY58+BA58+BC58+BE58 -> 2000000 | AD58: 2000000 | AE58: =AC58-AD58 -> 0 | AW58: 2000000
A59: 83 | D59: FS팀 | E59: 유형석 | F59: FS2팀 | G59: 유형석 | J59: 웰컴저축은행㈜ | M59: 23419 | N59: 1~1000 | Q59: 03. 이러닝 - 법정 | R59: 03. 이러닝 - 법정 | S59: 03. 이러닝 - 법정 | W59: 1728000 | Y59: 01 확정 | Z59: 01 확정 | AC59: =AG59+AJ59+AM59+AO59+AQ59+AS59+AU59+AW59+AY59+BA59+BC59+BE59 -> 1000000 | AD59: 1000000 | AE59: =AC59-AD59 -> 0 | AQ59: 1000000
A60: 65 | F60: FS2팀 | G60: 유형석 | J60: 시큐어원 | M60: 18395 | S60: 02. 이러닝 - 단과 | W60: 1725000 | Z60: 09 2025년 매출 | AC60: =AG60+AJ60+AM60+AO60+AQ60+AS60+AU60+AW60+AY60+BA60+BC60+BE60 -> 0 | AD60: 0 | AE60: =AC60-AD60 -> 0
A61: 25 | D61: FS팀 | E61: 유형석 | F61: FS2팀 | G61: 유형석 | J61: (주)애큐온캐피탈 | M61: 10415 | N61: 1001~2000 | Q61: 03. 이러닝 - 법정 | R61: 03. 이러닝 - 법정 | S61: 03. 이러닝 - 법정 | W61: 1629000 | Y61: 01 확정 | Z61: 01 확정 | AC61: =AG61+AJ61+AM61+AO61+AQ61+AS61+AU61+AW61+AY61+BA61+BC61+BE61 -> 1600000 | AD61: 1600000 | AE61: =AC61-AD61 -> 0 | AO61: 1600000
A62: 94 | F62: FS2팀 | G62: 유형석 | J62: 코리안리재보험 | M62: 7603 | S62: 09. 하이브리드러닝 - 순수 오프라인 | W62: 1600000 | Z62: 09 2025년 매출 | AC62: =AG62+AJ62+AM62+AO62+AQ62+AS62+AU62+AW62+AY62+BA62+BC62+BE62 -> 0 | AD62: 0 | AE62: =AC62-AD62 -> 0
A63: 42 | D63: FS팀 | E63: 유형석 | F63: FS2팀 | G63: 유형석 | J63: 경동강북고객서비스㈜ | M63: 10985 | N63: 1만대 이하 | Q63: 02. 이러닝 - 단과 | R63: 02. 이러닝 - 단과 | S63: 02. 이러닝 - 단과 | W63: 1488000 | Y63: 01 확정 | Z63: 01 확정 | AC63: =AG63+AJ63+AM63+AO63+AQ63+AS63+AU63+AW63+AY63+BA63+BC63+BE63 -> 1000000 | AD63: 1000000 | AE63: =AC63-AD63 -> 0 | AO63: 1000000
A64: 21 | D64: FS팀 | E64: 유형석 | F64: FS2팀 | G64: 유형석 | J64: (주)아이티엠반도체 | M64: 11626 | N64: 1~1000 | Q64: 03. 이러닝 - 법정 | R64: 03. 이러닝 - 법정 | S64: 03. 이러닝 - 법정 | W64: 1420000 | Y64: 01 확정 | Z64: 01 확정 | AC64: =AG64+AJ64+AM64+AO64+AQ64+AS64+AU64+AW64+AY64+BA64+BC64+BE64 -> 2000000 | AD64: 2000000 | AE64: =AC64-AD64 -> 0 | AI64: 679000 | BA64: 2000000
A65: 107 | F65: FS2팀 | G65: 유형석 | J65: 한화이글스 | M65: 28671 | S65: 03. 이러닝 - 법정 | W65: 1401000 | Y65: 01 확정 | Z65: 01 확정 | AC65: =AG65+AJ65+AM65+AO65+AQ65+AS65+AU65+AW65+AY65+BA65+BC65+BE65 -> 0 | AD65: 0 | AE65: =AC65-AD65 -> 0 | BF65: 1400000
A66: 13 | D66: FS팀 | E66: 유형석 | F66: FS2팀 | G66: 유형석 | J66: (주)신영 | M66: 276 | N66: 1001~2000 | Q66: 03. 이러닝 - 법정 | R66: 03. 이러닝 - 법정 | S66: 03. 이러닝 - 법정 | W66: 1350000 | Y66: 01 확정 | Z66: 01 확정 | AC66: =AG66+AJ66+AM66+AO66+AQ66+AS66+AU66+AW66+AY66+BA66+BC66+BE66 -> 1110000 | AD66: 1110000 | AE66: =AC66-AD66 -> 0 | AG66: 1110000
A67: 97 | F67: FS2팀 | G67: 유형석 | J67: 파라콤FLEX | M67: 47761 | S67: 13. 구독 - 휴넷FLEX | W67: 1200000 | Y67: 01 확정 | Z67: 02 가망 | AC67: =AG67+AJ67+AM67+AO67+AQ67+AS67+AU67+AW67+AY67+BA67+BC67+BE67 -> 0 | AD67: 0 | AE67: =AC67-AD67 -> 0
A68: 69 | D68: FS팀 | E68: 유형석 | F68: FS2팀 | G68: 유형석 | J68: 아이티엔씨 | M68: 63287 | N68: 1만대 이하 | Q68: 26. 이러닝 - 정부지원사업 | R68: 26. 이러닝 - 정부지원사업 | S68: 06. 이러닝 - 정부지원사업 | W68: 892000 | Y68: 01 확정 | Z68: 01 확정 | AC68: =AG68+AJ68+AM68+AO68+AQ68+AS68+AU68+AW68+AY68+BA68+BC68+BE68 -> 840000 | AD68: 840000 | AE68: =AC68-AD68 -> 0 | AO68: 840000
A69: 114 | D69: 기업교육4팀 | E69: 최재희 | F69: FS2팀 | G69: 유형석 | J69: 휴넷 HRD 아카이브_25/06/01 | M69: 63737 | R69: 26. 이러닝 - 정부지원사업 | S69: 06. 이러닝 - 정부지원사업 | W69: 840000 | Y69: 01 확정 | Z69: 09 2025년 매출 | AC69: =AG69+AJ69+AM69+AO69+AQ69+AS69+AU69+AW69+AY69+BA69+BC69+BE69 -> 0 | AD69: 0 | AE69: =AC69-AD69 -> 0 | AF69: 0 | AI69: 0 | AJ69: 0
A70: 109 | D70: FS팀 | E70: 유형석 | F70: FS2팀 | G70: 유형석 | J70: 현담산업㈜ | M70: 4504 | N70: 1001~2000 | Q70: 09. 하이브리드러닝 - 순수 오프라인 | R70: 09. 하이브리드러닝 - 순수 오프라인 | S70: 09. 하이브리드러닝 - 순수 오프라인 | W70: 720000 | Y70: 01 확정 | Z70: 01 확정 | AC70: =AG70+AJ70+AM70+AO70+AQ70+AS70+AU70+AW70+AY70+BA70+BC70+BE70 -> 1000000 | AD70: 1000000 | AE70: =AC70-AD70 -> 0 | AU70: 1000000
A71: 30 | D71: FS팀 | E71: 유형석 | F71: FS2팀 | G71: 유형석 | J71: (주)인성정보 | M71: 23642 | N71: 3001~4000 | Q71: 03. 이러닝 - 법정 | R71: 03. 이러닝 - 법정 | S71: 03. 이러닝 - 법정 | W71: 669000 | Y71: 01 확정 | Z71: 01 확정 | AC71: =AG71+AJ71+AM71+AO71+AQ71+AS71+AU71+AW71+AY71+BA71+BC71+BE71 -> 2000000 | AD71: 2000000 | AE71: =AC71-AD71 -> 0 | AQ71: 2000000
A72: 67 | F72: FS2팀 | G72: 유형석 | J72: 씨에스씨코리아 | M72: 65689 | S72: 03. 이러닝 - 법정 | W72: 658000 | Z72: 09 2025년 매출 | AC72: =AG72+AJ72+AM72+AO72+AQ72+AS72+AU72+AW72+AY72+BA72+BC72+BE72 -> 0 | AD72: 0 | AE72: =AC72-AD72 -> 0
A73: 27 | D73: FS팀 | E73: 유형석 | F73: FS2팀 | G73: 유형석 | J73: (주)에스엘플랫폼 르프리미어 세운 | M73: 63812 | N73: 1만대 이하 | Q73: 03. 이러닝 - 법정 | R73: 03. 이러닝 - 법정 | S73: 03. 이러닝 - 법정 | W73: 534000 | Y73: 01 확정 | Z73: 01 확정 | AC73: =AG73+AJ73+AM73+AO73+AQ73+AS73+AU73+AW73+AY73+BA73+BC73+BE73 -> 1000000 | AD73: 1000000 | AE73: =AC73-AD73 -> 0 | AS73: 1000000
A74: 20 | D74: FS팀 | E74: 유형석 | F74: FS2팀 | G74: 유형석 | J74: (주)아이티엠반도체 | M74: 11626 | N74: 1~1000 | Q74: 02. 이러닝 - 단과 | R74: 02. 이러닝 - 단과 | S74: 02. 이러닝 - 단과 | W74: 472000 | Y74: 01 확정 | Z74: 02 가망 | AC74: =AG74+AJ74+AM74+AO74+AQ74+AS74+AU74+AW74+AY74+BA74+BC74+BE74 -> 1000000 | AD74: 1000000 | AE74: =AC74-AD74 -> 0 | AU74: 1000000
A75: 81 | D75: 기업교육4팀 | E75: 최수진 | F75: FS2팀 | G75: 유형석 | J75: 웰리브 | M75: 8992 | R75: 02. 이러닝 - 단과 | S75: 02. 이러닝 - 단과 | W75: 460000 | Y75: 02 가망 | Z75: 09 2025년 매출 | AC75: =AG75+AJ75+AM75+AO75+AQ75+AS75+AU75+AW75+AY75+BA75+BC75+BE75 -> 0 | AD75: 0 | AE75: =AC75-AD75 -> 0 | AF75: 0 | AI75: 0 | AJ75: 0 | AO75: 0 | AQ75: 0 | AS75: 0 | AU75: 0 | AW75: 0 | AY75: 0 | BA75: 0 | BC75: 0 | BE75: 0
A76: 108 | D76: FS팀 | E76: 유형석 | F76: FS2팀 | G76: 유형석 | J76: 현담산업㈜ | M76: 4504 | N76: 1001~2000 | Q76: 03. 이러닝 - 법정 | R76: 03. 이러닝 - 법정 | S76: 03. 이러닝 - 법정 | W76: 310500 | Y76: 01 확정 | Z76: 01 확정 | AC76: =AG76+AJ76+AM76+AO76+AQ76+AS76+AU76+AW76+AY76+BA76+BC76+BE76 -> 1000000 | AD76: 1000000 | AE76: =AC76-AD76 -> 0 | AY76: 1000000
A77: 71 | F77: FS2팀 | G77: 유형석 | J77: 어스파이어라이프스타일코리아(주) | M77: 66025 | S77: 01. 이러닝 - 통합위탁 | W77: 300000 | Z77: 09 2025년 매출 | AC77: =AG77+AJ77+AM77+AO77+AQ77+AS77+AU77+AW77+AY77+BA77+BC77+BE77 -> 0 | AD77: 0 | AE77: =AC77-AD77 -> 0
A78: 18 | D78: FS팀 | E78: 유형석 | F78: FS2팀 | G78: 유형석 | J78: (주)아이더스에프앤비 | M78: 62525 | N78: 3001~4000 | Q78: 03. 이러닝 - 법정 | R78: 03. 이러닝 - 법정 | S78: 03. 이러닝 - 법정 | W78: 270000 | Y78: 01 확정 | Z78: 02 가망 | AC78: =AG78+AJ78+AM78+AO78+AQ78+AS78+AU78+AW78+AY78+BA78+BC78+BE78 -> 2000000 | AD78: 2000000 | AE78: =AC78-AD78 -> 0 | AS78: 2000000
A79: 3 | D79: FS팀 | E79: 유형석 | F79: FS2팀 | G79: 유형석 | J79: (주)대성아트센터 | M79: 50411 | N79: 1만대 이하 | Q79: 03. 이러닝 - 법정 | R79: 03. 이러닝 - 법정 | S79: 03. 이러닝 - 법정 | W79: 250000 | Y79: 01 확정 | Z79: 01 확정 | AC79: =AG79+AJ79+AM79+AO79+AQ79+AS79+AU79+AW79+AY79+BA79+BC79+BE79 -> 1000000 | AD79: 1000000 | AE79: =AC79-AD79 -> 0 | AG79: 210000 | BA79: 790000
A80: 91 | D80: FS팀 | E80: 유형석 | F80: FS2팀 | G80: 유형석 | J80: 주식회사 브라이튼자산운용 | M80: 63755 | N80: 1만대 이하 | Q80: 03. 이러닝 - 법정 | R80: 03. 이러닝 - 법정 | S80: 03. 이러닝 - 법정 | W80: 175000 | Y80: 01 확정 | Z80: 01 확정 | AC80: =AG80+AJ80+AM80+AO80+AQ80+AS80+AU80+AW80+AY80+BA80+BC80+BE80 -> 1000000 | AD80: 1000000 | AE80: =AC80-AD80 -> 0 | AU80: 1000000
A81: 89 | F81: FS2팀 | G81: 유형석 | J81: 제이씨파워즈 | M81: 65490 | S81: 03. 이러닝 - 법정 | W81: 156000 | Z81: 09 2025년 매출 | AC81: =AG81+AJ81+AM81+AO81+AQ81+AS81+AU81+AW81+AY81+BA81+BC81+BE81 -> 0 | AD81: 0 | AE81: =AC81-AD81 -> 0
A82: 51 | F82: FS2팀 | G82: 유형석 | J82: 동국산업_메이플캐나다 | M82: 41545 | S82: 03. 이러닝 - 법정 | W82: 150000 | Z82: 09 2025년 매출 | AC82: =AG82+AJ82+AM82+AO82+AQ82+AS82+AU82+AW82+AY82+BA82+BC82+BE82 -> 0 | AD82: 0 | AE82: =AC82-AD82 -> 0
A83: 52 | F83: FS2팀 | G83: 유형석 | J83: 동국산업_메이플캐나다 | M83: 41545 | S83: 03. 이러닝 - 법정 | W83: 150000 | Z83: 09 2025년 매출 | AC83: =AG83+AJ83+AM83+AO83+AQ83+AS83+AU83+AW83+AY83+BA83+BC83+BE83 -> 0 | AD83: 0 | AE83: =AC83-AD83 -> 0
A84: 64 | F84: FS2팀 | G84: 유형석 | J84: 성신레미컨㈜ | M84: 42538 | S84: 02. 이러닝 - 단과 | W84: 25000 | Z84: 09 2025년 매출 | AC84: =AG84+AJ84+AM84+AO84+AQ84+AS84+AU84+AW84+AY84+BA84+BC84+BE84 -> 0 | AD84: 0 | AE84: =AC84-AD84 -> 0
A85: 11 | D85: FS팀 | E85: 유형석 | F85: FS2팀 | G85: 유형석 | J85: (주)삼우종합건축사사무소 | M85: 6706 | N85: 1001~2000 | Q85: 09. 하이브리드러닝 - 순수 오프라인 | R85: 09. 하이브리드러닝 - 순수 오프라인 | S85: 09. 하이브리드러닝 - 순수 오프라인 | W85: 0 | Y85: 02 가망 | Z85: 02 가망 | AC85: =AG85+AJ85+AM85+AO85+AQ85+AS85+AU85+AW85+AY85+BA85+BC85+BE85 -> 10000000 | AD85: 10000000 | AE85: =AC85-AD85 -> 0 | BE85: 10000000
A86: 14 | D86: FS팀 | E86: 유형석 | F86: FS2팀 | G86: 유형석 | J86: (주)신영 | M86: 276 | N86: 1001~2000 | Q86: 03. 이러닝 - 법정 | R86: 03. 이러닝 - 법정 | S86: 03. 이러닝 - 법정 | W86: 0 | Y86: 02 가망 | Z86: 02 가망 | AC86: =AG86+AJ86+AM86+AO86+AQ86+AS86+AU86+AW86+AY86+BA86+BC86+BE86 -> 0 | AD86: 0 | AE86: =AC86-AD86 -> 0 | AI86: 0 | AJ86: 0
A87: 43 | D87: FS팀 | E87: 유형석 | F87: FS2팀 | G87: 유형석 | J87: 고려용접봉㈜ | M87: 4606 | N87: 1001~2000 | Q87: 02. 이러닝 - 단과 | R87: 02. 이러닝 - 단과 | S87: 02. 이러닝 - 단과 | Y87: 02 가망 | Z87: 02 가망 | AC87: =AG87+AJ87+AM87+AO87+AQ87+AS87+AU87+AW87+AY87+BA87+BC87+BE87 -> 40000000 | AD87: 40000000 | AE87: =AC87-AD87 -> 0 | BE87: 40000000
A88: 2 | D88: FS팀 | E88: 유형석 | F88: FS2팀 | G88: 유형석 | J88: (주)대동 | M88: 3968 | N88: 1~1000 | Q88: 02. 이러닝 - 단과 | R88: 02. 이러닝 - 단과 | S88: 02. 이러닝 - 단과 | Y88: 02 가망 | Z88: 02 가망 | AC88: =AG88+AJ88+AM88+AO88+AQ88+AS88+AU88+AW88+AY88+BA88+BC88+BE88 -> 30000000 | AD88: 30000000 | AE88: =AC88-AD88 -> 0 | BE88: 30000000
A89: 112 | D89: 기업교육4팀 | E89: 하예진 | F89: FS2팀 | G89: 유형석 | J89: 후성정공㈜ | M89: 20896 | N89: 3001~4000 | Q89: 03. 이러닝 - 법정 | R89: 03. 이러닝 - 법정 | S89: 03. 이러닝 - 법정 | V89: 6640000 | Y89: 02 가망 | Z89: 02 가망 | AC89: =AG89+AJ89+AM89+AO89+AQ89+AS89+AU89+AW89+AY89+BA89+BC89+BE89 -> 11000000 | AD89: 11000000 | AE89: =AC89-AD89 -> 0 | AF89: 0 | AI89: 0 | AJ89: 0 | AO89: 0 | AQ89: 0 | AS89: 0 | AU89: 0 | AW89: 0 | AY89: 0 | BA89: 0 | BC89: 0 | BE89: 11000000
A90: 35 | D90: FS팀 | E90: 유형석 | F90: FS2팀 | G90: 유형석 | J90: (주)티와이엠 | M90: 4003 | N90: 1~1000 | Q90: 08. 하이브리드러닝 - 하이브리드형 러닝 | R90: 08. 하이브리드러닝 - 하이브리드형 러닝 | S90: 08. 하이브리드러닝 - 하이브리드형 러닝 | Y90: 02 가망 | Z90: 02 가망 | AC90: =AG90+AJ90+AM90+AO90+AQ90+AS90+AU90+AW90+AY90+BA90+BC90+BE90 -> 10000000 | AD90: 10000000 | AE90: =AC90-AD90 -> 0 | BE90: 10000000
A91: 44 | D91: FS팀 | E91: 유형석 | F91: FS2팀 | G91: 유형석 | J91: 고려용접봉㈜ | M91: 4606 | N91: 1001~2000 | Q91: 09. 하이브리드러닝 - 순수 오프라인 | R91: 09. 하이브리드러닝 - 순수 오프라인 | S91: 09. 하이브리드러닝 - 순수 오프라인 | Y91: 02 가망 | Z91: 02 가망 | AC91: =AG91+AJ91+AM91+AO91+AQ91+AS91+AU91+AW91+AY91+BA91+BC91+BE91 -> 10000000 | AD91: 10000000 | AE91: =AC91-AD91 -> 0 | BE91: 10000000
A92: 24 | F92: FS2팀 | G92: 유형석 | J92: (주)알라딘커뮤니케이션 | S92: 09. 하이브리드러닝 - 순수 오프라인 | Z92: 01 확정 | AC92: =AG92+AJ92+AM92+AO92+AQ92+AS92+AU92+AW92+AY92+BA92+BC92+BE92 -> 0 | AD92: 0 | AE92: =AC92-AD92 -> 0
A93: 29 | D93: FS팀 | E93: 김지선 | F93: FS2팀 | G93: 유형석 | J93: (주)유베이스 | M93: 977 | N93: 1001~2000 | Q93: 09. 하이브리드러닝 - 순수 오프라인 | R93: 09. 하이브리드러닝 - 순수 오프라인 | S93: 09. 하이브리드러닝 - 순수 오프라인 | Y93: 03 기회 | Z93: 03 기회 | AC93: =AG93+AJ93+AM93+AO93+AQ93+AS93+AU93+AW93+AY93+BA93+BC93+BE93 -> 20000000 | AD93: 20000000 | AE93: =AC93-AD93 -> 0 | BE93: 20000000
A94: 33 | D94: 기업교육4팀 | E94: 이유진(퇴사) | F94: FS2팀 | G94: 유형석 | J94: (주)케이에스넷 | M94: 3567 | N94: 1001~2000 | Q94: 02. 이러닝 - 단과 | R94: 02. 이러닝 - 단과 | S94: 06. 이러닝 - 정부지원사업 | V94: 3870000 | Y94: 03 기회 | Z94: 01 확정 | AC94: =AG94+AJ94+AM94+AO94+AQ94+AS94+AU94+AW94+AY94+BA94+BC94+BE94 -> 4100000 | AD94: 4100000 | AE94: =AC94-AD94 -> 0 | AF94: 0 | AI94: 0 | AJ94: 0 | AO94: 4100000 | AQ94: 0 | AS94: 0 | AU94: 0 | AW94: 0 | AY94: 0 | BA94: 0 | BC94: 0 | BE94: 0
A95: 5 | D95: 기업교육4팀 | E95: 최재희 | F95: FS2팀 | G95: 유형석 | J95: (주)레드캡투어 | M95: 14835 | N95: 1001~2000 | Q95: 02. 이러닝 - 단과 | R95: 02. 이러닝 - 단과 | S95: 02. 이러닝 - 단과 | U95: 2448000 | V95: 4812000 | Y95: 02 가망 | Z95: 02 가망 | AC95: =AG95+AJ95+AM95+AO95+AQ95+AS95+AU95+AW95+AY95+BA95+BC95+BE95 -> 5000000 | AD95: 5000000 | AE95: =AC95-AD95 -> 0 | AF95: 0 | AI95: 0 | AJ95: 0 | AO95: 0 | AQ95: 5000000 | AS95: 0 | AU95: 0 | AW95: 0 | AY95: 0 | BA95: 0 | BC95: 0 | BE95: 0
A96: 39 | D96: FS팀 | E96: 유형석 | F96: FS2팀 | G96: 유형석 | J96: AJ네트웍스㈜ | M96: 9215 | N96: 1~1000 | Q96: 02. 이러닝 - 단과 | R96: 02. 이러닝 - 단과 | S96: 02. 이러닝 - 단과 | Y96: 03 기회 | Z96: 01 확정 | AC96: =AG96+AJ96+AM96+AO96+AQ96+AS96+AU96+AW96+AY96+BA96+BC96+BE96 -> 35000000 | AD96: 35000000 | AE96: =AC96-AD96 -> 0 | BE96: 35000000
A97: 40 | D97: FS팀 | E97: 유형석 | F97: FS2팀 | G97: 유형석 | J97: AJ네트웍스㈜ | M97: 9215 | N97: 1~1000 | Q97: 09. 하이브리드러닝 - 순수 오프라인 | R97: 09. 하이브리드러닝 - 순수 오프라인 | S97: 09. 하이브리드러닝 - 순수 오프라인 | Y97: 03 기회 | Z97: 03 기회 | AC97: =AG97+AJ97+AM97+AO97+AQ97+AS97+AU97+AW97+AY97+BA97+BC97+BE97 -> 5000000 | AD97: 5000000 | AE97: =AC97-AD97 -> 0 | BE97: 5000000
A98: 41 | D98: 기업교육1팀 | E98: 장지웅 | F98: FS2팀 | G98: 유형석 | J98: NS홈쇼핑 | M98: 4266 | N98: 01 1~1000대 | O98: 01 수성 | P98: 03 휴넷 LMS | Q98: 36. 기타 - 기타 | R98: 08. 하이브리드러닝 - 하이브리드형 러닝 | S98: 08. 하이브리드러닝 - 하이브리드형 러닝 | V98: 1200000 | Y98: 03 기회 | Z98: 03 기회 | AC98: =AG98+AJ98+AM98+AO98+AQ98+AS98+AU98+AW98+AY98+BA98+BC98+BE98 -> 10000000 | AD98: 10000000 | AE98: =AC98-AD98 -> 0 | AS98: 5000000 | BA98: 5000000
A99: 8 | D99: FS팀 | E99: 유형석 | F99: FS2팀 | G99: 유형석 | J99: (주)비와이엔블랙야크 | M99: 15169 | N99: 1001~2000 | Q99: 03. 이러닝 - 법정 | R99: 03. 이러닝 - 법정 | Y99: 02 가망 | Z99: 02 가망 | AC99: =AG99+AJ99+AM99+AO99+AQ99+AS99+AU99+AW99+AY99+BA99+BC99+BE99 -> 3000000 | AD99: 3000000 | AE99: =AC99-AD99 -> 0 | AQ99: 3000000
A100: 45 | D100: 기업교육2팀 | E100: 황재연 | F100: FS2팀 | G100: 유형석 | H100: 이동호 | J100: 국방과학기술연구소 | M100: 52143 | N100: 05 공공 | R100: 08. 하이브리드러닝 - 하이브리드형 러닝 | S100: 08. 하이브리드러닝 - 하이브리드형 러닝 | V100: 0 | Y100: 03 기회 | Z100: 03 기회 | AC100: =AG100+AJ100+AM100+AO100+AQ100+AS100+AU100+AW100+AY100+BA100+BC100+BE100 -> 0 | AD100: 300000000 | AE100: =AC100-AD100 -> -300000000
A101: 111 | D101: 기업교육3팀 | E101: 방인혜 | F101: FS2팀 | G101: 유형석 | H101: 이동호 | J101: 효성인포메이션시스템 | M101: 1403 | Q101: 1. 온라인 - 단과 | R101: 02. 이러닝 - 단과 | S101: 02. 이러닝 - 단과 | U101: 2680000 | V101: 2640000 | Y101: 02 가망 | Z101: 02 가망 | AC101: =AG101+AJ101+AM101+AO101+AQ101+AS101+AU101+AW101+AY101+BA101+BC101+BE101 -> 2000000 | AD101: 2000000 | AE101: =AC101-AD101 -> 0 | BC101: 2000000
A102: 48 | F102: FS2팀 | G102: 유형석 | J102: 다스코㈜ | M102: 5703 | S102: 09. 하이브리드러닝 - 순수 오프라인 | Z102: 01 확정 | AC102: =AG102+AJ102+AM102+AO102+AQ102+AS102+AU102+AW102+AY102+BA102+BC102+BE102 -> 13440000 | AD102: 13440000 | AE102: =AC102-AD102 -> 0 | AO102: 6240000 | AQ102: 7200000
A103: 50 | F103: FS2팀 | G103: 유형석 | J103: 덕성 | M103: 5239 | S103: 09. 하이브리드러닝 - 순수 오프라인 | Z103: 01 확정 | AC103: =AG103+AJ103+AM103+AO103+AQ103+AS103+AU103+AW103+AY103+BA103+BC103+BE103 -> 5900000 | AD103: 5900000 | AE103: =AC103-AD103 -> 0 | AJ103: 5900000
A104: 57 | F104: FS2팀 | G104: 유형석 | J104: 러쉬코리아 | S104: 03. 이러닝 - 법정 | Z104: 01 확정 | AC104: =AG104+AJ104+AM104+AO104+AQ104+AS104+AU104+AW104+AY104+BA104+BC104+BE104 -> 6000000 | AD104: 6000000 | AE104: =AC104-AD104 -> 0 | AO104: 6000000
A105: 16 | D105: FS팀 | E105: 유형석 | F105: FS2팀 | G105: 유형석 | J105: (주)씨티알 | M105: 61615 | N105: 1~1000 | Q105: 28.구독 - 휴넷FLEX | R105: 28.구독 - 휴넷FLEX | S105: 13. 구독 - 휴넷FLEX | Y105: 01 확정 | Z105: 06 사업취소 | AC105: =AG105+AJ105+AM105+AO105+AQ105+AS105+AU105+AW105+AY105+BA105+BC105+BE105 -> 0 | AD105: 0 | AE105: =AC105-AD105 -> 0
A106: 58 | F106: FS2팀 | G106: 유형석 | J106: 레이크머티리얼즈 전의사업장 | K106: 25740-26-001 | M106: 25740 | S106: 01. 이러닝 - 통합위탁 | Z106: 01 확정 | AC106: =AG106+AJ106+AM106+AO106+AQ106+AS106+AU106+AW106+AY106+BA106+BC106+BE106 -> 0 | AD106: 0 | AE106: =AC106-AD106 -> 0 | AO106: 0 | AQ106: 0 | AS106: 0 | AU106: 0 | AW106: 0 | AY106: 0 | BA106: 0 | BC106: 0 | BE106: 0
A107: 59 | F107: FS2팀 | G107: 유형석 | J107: 만트럭버스코리아 | M107: 24611 | S107: 08. 하이브리드러닝 - 하이브리드형 러닝 | Z107: 01 확정 | AC107: =AG107+AJ107+AM107+AO107+AQ107+AS107+AU107+AW107+AY107+BA107+BC107+BE107 -> 1800000 | AD107: 1800000 | AE107: =AC107-AD107 -> 0 | AO107: 1800000
A108: 32 | D108: 기업교육4팀 | E108: 방유진 | F108: FS2팀 | G108: 유형석 | J108: (주)케이에스넷 | M108: 3567 | R108: 02. 이러닝 - 단과 | S108: 02. 이러닝 - 단과 | Y108: 02 가망 | AC108: =AG108+AJ108+AM108+AO108+AQ108+AS108+AU108+AW108+AY108+BA108+BC108+BE108 -> 0 | AD108: 0 | AE108: =AC108-AD108 -> 0 | AF108: 0 | AI108: 0 | AO108: 0 | AQ108: 0 | AS108: 0 | AU108: 0 | AW108: 0 | AY108: 0 | BA108: 0 | BC108: 0 | BE108: 0
A109: 61 | F109: FS2팀 | G109: 유형석 | J109: 미라콤아이앤씨 | M109: 2659 | S109: 09. 하이브리드러닝 - 순수 오프라인 | Z109: 01 확정 | AC109: =AG109+AJ109+AM109+AO109+AQ109+AS109+AU109+AW109+AY109+BA109+BC109+BE109 -> 3800000 | AD109: 3800000 | AE109: =AC109-AD109 -> 0 | AM109: 2600000 | AO109: 1200000
A110: 60 | F110: FS2팀 | G110: 유형석 | J110: 미라콤아이앤씨 | M110: 2659 | S110: 02. 이러닝 - 단과 | Z110: 01 확정 | AC110: =AG110+AJ110+AM110+AO110+AQ110+AS110+AU110+AW110+AY110+BA110+BC110+BE110 -> 3038000 | AD110: 3038000 | AE110: =AC110-AD110 -> 0 | AO110: 3038000
...

Sheet 수정사항
A1: 고유 번호 | B1: 25년 담당팀 | C1: 25년 영업대표 | D1: 기업명 (HSM 기준) | E1: 영업기회코드 | F1: 기업코드 | G1: 25년 사업유형 | H1: 23년 매출 | I1: 24년 매출 | J1: 25년 확정/가망/기회 | K1: THSM 확/가/기 | L1: 25년 예상매출합계 | M1: THSM
A2: 11 | B2: 기업교육4팀 | C2: 김두희 | D2: [11259]노사발전재단 | E2: 11259-25-004 | F2: 11259 | G2: 15. 솔루션 - LABS | H2: 18000000 | I2: 0 | J2: 07 2023년 매출 | K2: 03 기회 | L2: 26000000 | M2: 지울수 있는가
A3: 1365 | B3: 기업교육4팀 | C3: 하예진 | D3: [3157]한국산업기술시험원 | E3: 3157-25-002 | F3: 3157 | G3: 25. 기타 - 기타 | H3: 812000 | I3: 0 | J3: 01 확정 | K3: 01 확정 | L3: 1260000 | M3: 사업유형 변경
A4: 추가0408 | B4: 기업교육4팀 | C4: 최수진 | D4: 삼십팔인의 교육생각 | E4: 30370-25-001 | F4: 30370 | G4: 25. 기타 - 기타 | J4: 01 확정 | K4: 01 확정 | L4: 264000 | M4: 사업유형 변경
A5: 추가0513 | B5: 기업교육4팀 | C5: 양은희 | D5: 재단법인 병원약학교육연구원(한국병원약사회 산하) | E5: 22127-25-001 | F5: 22127 | G5: 14. 컨텐츠 - 컨텐츠 개발 | J5: 01 확정 | L5: 27300000 | M5: 영업대표 변경
A6: 1036 | B6: 기업교육4팀 | C6: 김성경 | D6: 금강이엠씨 | E6: 47852-25-002 | F6: 47852 | G6: 19. 운영 - 운영매출 | I6: 406,000 | J6: 01 확정 | K6: 01 확정 | L6: 406000 | M6: 사업유형 변경
A7: 1328 | B7: 기업교육4팀 | C7: 김성경 | D7: 현대팜아카데미 | E7: 16402-25-002 | F7: 16402 | G7: 19. 운영 - 운영매출 | I7: - | J7: 01 확정 | K7: 01 확정 | L7: 0 | M7: 사업유형 변경
A8: 3371 | B8: 기업교육4팀 | C8: 양은희 | D8: 대한병원협회 | E8: 16094-25-002 | F8: 16094 | G8: 19. 운영 - 운영매출 | I8: 33,636,365 | J8: 01 확정 | K8: 01 확정 | L8: 60000000 | M8: 사업유형 변경
A9: 3372 | B9: 기업교육4팀 | C9: 양은희 | D9: 대한병원협회 | E9: 16094-25-003 | F9: 16094 | G9: 19. 운영 - 운영매출 | I9: - | J9: 01 확정 | K9: 01 확정 | L9: 0 | M9: 사업유형 변경
A10: 추가0311 | B10: 기업교육4팀 | C10: 김성경 | D10: 나이스디앤비(ESG사업) | E10: 52519-25-001 | F10: 52519 | G10: 19. 운영 - 운영매출 | J10: 01 확정 | K10: 01 확정 | L10: 2200000 | M10: 사업유형 변경

Sheet 영업대표별
B3: FS2팀 | C3: 25년 매출 | D3: 26년 개인별 목표 | E3: '26년 (1~12월) | M3: 전주대비 확정차 | N3: 전주 대비 확정 차이 내역 | O3: 목표 달성율 (확정만)
E4: 전주 | I4: 금주
E5: 계 | F5: 확정 | G5: 가망 | H5: 기회 | I5: 계 | J5: 확정 | K5: 가망 | L5: 기회
B6: 유형석 | E6: 1165377500 | F6: 532627500 | G6: 134750000 | H6: 498000000 | I6: =SUM(J6:L6) -> 1165377500 | J6: 532627500 | K6: 134750000 | L6: 498000000 | M6: =J6-F6 -> 0 | N6: ='26년 databook(취합)'!AE3 -> 0 | O6: =J6/D6 -> #DIV/0!
B7: 최상근 | E7: 2179301756 | F7: 1264994000 | G7: 453387756 | H7: 460920000 | I7: =SUM(J7:L7) -> 2179301756 | J7: 1264994000 | K7: 453387756 | L7: 460920000 | M7: =J7-F7 -> 0 | N7: ='26년 databook(취합)'!AE4 -> 0 | O7: =J7/D7 -> #DIV/0!
B8: 이동호 | E8: 1441797280 | F8: 448455280 | G8: 161642000 | H8: 831700000 | I8: =SUM(J8:L8) -> 1441797280 | J8: 448455280 | K8: 161642000 | L8: 831700000 | M8: =J8-F8 -> 0 | N8: ='26년 databook(취합)'!AE5 -> 0 | O8: =J8/D8 -> #DIV/0!
B9: 임성은 | E9: 703849500 | F9: 265249500 | G9: 166600000 | H9: 272000000 | I9: =SUM(J9:L9) -> 703849500 | J9: 265249500 | K9: 166600000 | L9: 272000000 | M9: =J9-F9 -> 0 | N9: ='26년 databook(취합)'!AE6 -> 0 | O9: =J9/D9 -> #DIV/0!
B10: 국문정 | F10: 1000000 | J10: 1000000 | M10: =J10-F10 -> 0 | N10: ='26년 databook(취합)'!AE7 -> 0 | O10: =J10/D10 -> #DIV/0!
E11: 0 | I11: =SUM(J11:L11) -> 0 | M11: =J11-F11 -> 0 | N11: ='26년 databook(취합)'!AE8 -> 0 | O11: =J11/D11 -> #DIV/0!
E12: 0 | I12: =SUM(J12:L12) -> 0 | M12: =J12-F12 -> 0 | N12: ='26년 databook(취합)'!AE9 -> 0 | O12: =J12/D12 -> #DIV/0!
E13: 0 | I13: =SUM(J13:L13) -> 0 | M13: =J13-F13 -> 0 | N13: ='26년 databook(취합)'!AE10 -> 0 | O13: =J13/D13 -> #DIV/0!
E14: 0 | I14: =SUM(J14:L14) -> 0 | M14: =J14-F14 -> 0 | N14: ='26년 databook(취합)'!AE11 -> 0 | O14: =J14/D14 -> #DIV/0!
E15: 0 | I15: =SUM(J15:L15) -> 0 | M15: =J15-F15 -> 0
E16: 0 | I16: =SUM(J16:L16) -> 0 | M16: =J16-F16 -> 0
B17: 총계 | C17: =SUM(C6:C14) -> 0 | E17: 5490326036 | F17: 2512326280 | G17: 916379756 | H17: 2062620000 | I17: =SUM(I6:I16) -> 5490326036 | J17: =SUM(J6:J16) -> 2512326280 | K17: =SUM(K6:K16) -> 916379756 | L17: =SUM(L6:L16) -> 2062620000 | M17: =SUM(M6:M16) -> 0 | O17: =J17/D17 -> #DIV/0!

Sheet 팀연간
T1: 100000
R2: 단위:백만원)
B3: 구분 | D3: 2026년 월별 연간 | Q3: 전주 보고
D4: 1월 | E4: 2월 | F4: 3월 | G4: 4월 | H4: 5월 | I4: 6월 | J4: 7월 | K4: 8월 | L4: 9월 | M4: 10월 | N4: 11월 | O4: 12월 | P4: 금주계 | Q4: 전주 계 | R4: 전주차
B5: 2025년 실적
B6: 2026년 목표 | D6: 100000000 | E6: 140000000 | F6: 180000000 | G6: 210000000 | H6: 250000000 | I6: 280000000 | J6: 290000000 | K6: 300000000 | L6: 320000000 | M6: 330000000 | N6: 340000000 | O6: 350000000 | P6: =SUM(D6:O6) -> 3090000000 | Q6: 3090000000
B7: 2026년 전망 | C7: (확정+가망) | D7: =D8+D9 -> 84721500 | E7: =E8+E9 -> 48295800 | F7: =F8+F9 -> 79332700 | G7: =G8+G9 -> 417764500 | H7: =H8+H9 -> 218752000 | I7: =I8+I9 -> 175417000 | J7: =J8+J9 -> 86530000 | K7: =K8+K9 -> 348740000 | ... O7: =O8+O9 -> 1412323256 | P7: =SUM(D7:O7) -> 3428706036 | Q7: 3428706036 | R7: =P7-Q7 -> 0
C8: 확정 | D8: 84721500 | E8: 48295800 | F8: 79332700 | G8: 409414500 | H8: 54660000 | I8: 108067000 | J8: 51500000 | K8: 277390000 | L8: 71390000 | M8: 72295000 | N8: 164494280 | O8: 1090765500 | P8: =SUM(D8:O8) -> 2512326280 | Q8: 2512326280 | R8: =P8-Q8 -> 0
C9: 가망 | D9: 0 | E9: 0 | G9: 8350000 | H9: 164092000 | I9: 67350000 | J9: 35030000 | K9: 71350000 | L9: 82350000 | M9: 81350000 | N9: 84950000 | O9: 321557756 | P9: =SUM(D9:O9) -> 916379756 | Q9: 916379756 | R9: =P9-Q9 -> 0
C10: 기회 | D10: 0 | E10: 0 | G10: 0 | H10: 546500000 | I10: 275000000 | J10: 150000000 | K10: 45600000 | L10: 32000000 | M10: 180000000 | N10: 178000000 | O10: 655520000 | P10: =SUM(D10:O10) -> 2062620000 | Q10: 2062620000 | R10: =P10-Q10 -> 0
C11: (확정+가망+기회) | D11: =SUM(D8:D10) -> 84721500 | E11: =SUM(E8:E10) -> 48295800 | F11: =SUM(F8:F10) -> 79332700 | G11: =SUM(G8:G10) -> 417764500 | H11: =SUM(H8:H10) -> 765252000 | I11: =SUM(I8:I10) -> 450417000 | J11: =SUM(J8:J10) -> 236530000 | K11: =SUM(K8:K10) -> 394340000 | ... O11: =SUM(O8:O10) -> 2067843256 | P11: =P8+P9+P10 -> 5491326036 | Q11: 5491326036 | R11: =P11-Q11 -> 0
C12: 달성률(목표대비) | D12: =D8/D6 -> 0.847215 | E12: =E8/E6 -> 0.34497 | F12: =F8/F6 -> 0.44073722 | G12: =G8/G6 -> 1.9495929 | H12: =H8/H6 -> 0.21864 | I12: =I8/I6 -> 0.38595357 | J12: =J8/J6 -> 0.17758621 | K12: =K8/K6 -> 0.92463333 | ... P12: =P8/P6 -> 0.81305058 | Q12: 0.59466333

Sheet 마감내역
B2: 1월 | C2: =SUM(C4:C341) -> 370529249 | E2: 2월 | F2: =SUM(F4:F400) -> 479113404 | H2: 3월 | I2: =SUM(I4:I4001) -> 995108623 | K2: 4월 | L2: =SUM(L4:L4000) -> 878433688 | N2: 5월 | O2: =SUM(O4:O3999) -> 841788881
B3: 행 레이블 | C3: 합계 : 판매금액 | E3: 행 레이블 | F3: 합계 : 판매금액 | H3: 행 레이블 | I3: 합계 : 판매금액 | K3: 행 레이블 | L3: 합계 : 판매금액 | N3: 행 레이블 | O3: 합계 : 판매금액
B4: 10337-25-001 | C4: 4080000 | E4: 10336-25-001 | F4: 4800000 | H4: 10273-25-001 | I4: 380000 | K4: 1005-25-001 | L4: 1668000 | N4: 1021-25-001 | O4: 1252000
B5: 1034-25-001 | C5: 174000 | E5: 1034-25-001 | F5: 590000 | H5: 1034-25-001 | I5: 132000 | K5: 10122-25-001 | L5: 405000 | N5: 10281-25-002 | O5: 1200000
B6: 10722-25-001 | C6: 2565600 | E6: 11673-25-001 | F6: 285000 | H6: 10651-25-001 | I6: 33454545 | K6: 1021-25-001 | L6: 40000 | N6: 10286-25-001 | O6: 80000
B7: 1097-25-001 | C7: 260000 | E7: 11829-25-001 | F7: 6000 | H7: 10863-25-001 | I7: 63000 | K7: 10281-25-002 | L7: 1200000 | N7: 1034-25-001 | O7: 329000
B8: 11673-25-001 | C8: 310000 | E8: 1188-25-001 | F8: 70000 | H8: 11214-25-001 | I8: 180000 | K8: 1031-25-003 | L8: 20000 | N8: 10441-25-001 | O8: 135000
B9: 11702-25-001 | C9: 15000 | E9: 12899-25-003 | F9: 20000 | H9: 11329-25-001 | I9: 10400000 | K9: 1034-25-001 | L9: 180000 | N9: 11066-25-001 | O9: 360000
B10: 11714-25-001 | C10: 330000 | E10: 1295-25-001 | F10: 1200000 | H10: 11329-25-002 | I10: 1800000 | K10: 10376-25-002 | L10: 4360000 | N10: 11232-25-001 | O10: 1165000
B11: 12146-25-001 | C11: 84000 | E11: 13114-25-001 | F11: 18000 | H11: 11673-25-001 | I11: 766000 | K11: 10441-25-001 | L11: 1441000 | N11: 11409-25-001 | O11: 1261500
B12: 13114-25-001 | C12: 42000 | E12: 13661-25-001 | F12: 2067600 | H12: 11702-25-001 | I12: 135000 | K12: 1063-25-002 | L12: 155000 | N12: 11673-25-001 | O12: 421000
B13: 13661-25-001 | C13: 1988500 | E13: 13668-25-001 | F13: 5000 | H13: 11829-25-001 | I13: 3192000 | K13: 10733-25-001 | L13: 4632727 | N13: 11702-25-001 | O13: 220000
B14: 13751-25-001 | C14: 370000 | E14: 13751-25-001 | F14: 1544600 | H14: 1188-25-001 | I14: 5175000 | K14: 11049-25-001 | L14: 1992000 | N14: 11829-25-002 | O14: 57000
B15: 14074-25-001 | C15: 71060 | E15: 14349-25-001 | F15: 100000 | H15: 12899-25-003 | I15: 120000 | K15: 11209-25-001 | L15: 3600000 | N15: 12057-25-001 | O15: 250000
... B231: 181-25-001 | C231: 90500 | E231: 40318-25-001 | F231: 20000 | H231: 9598-25-002 | I231: 1600000 | K231: 28933-25-001 | L231: 2776000 | N231: 30230-25-001 | O231: 1736000
B232: 650-25-001 | C232: 271200 | E232: 43611-25-001 | F232: -701500 | H232: 9602-25-003 | I232: =3500000+1500000 -> 5000000 | K232: 28975-25-001 | L232: 52000 | N232: 3050-25-001 | O232: 1239800
B233: 1547-25-001 | C233: 26000 | E233: 18701-25-001 | F233: 46000 | H233: 9634-25-001 | I233: 30000 | K233: 28977-25-001 | L233: 80000 | N233: 30593-25-001 | O233: 468000
B234: 1600-25-001 | C234: 445000 | E234: 18444-25-001 | F234: 676000 | H234: 9663-25-001 | I234: 1091000 | K234: 29104-25-002 | L234: 20000 | N234: 30623-25-001 | O234: 798000
B235: 1984-25-001 | C235: 80000 | E235: 29134-25-001 | F235: 825000 | H235: 9685-25-001 | I235: 50000 | K235: 29134-25-001 | L235: 75000 | N235: 31524-25-002 | O235: 780000
B236: 3050-25-001 | C236: 50000 | E236: 17060-25-001 | F236: 390000 | H236: 983-25-001 | I236: 1464000 | K236: 29245-25-001 | L236: 20000 | N236: 31591-25-002 | O236: 8000
B237: 3103-25-001 | C237: 617000 | E237: 9594-25-001 | F237: 1136000 | H237: 9602-25-001 | I237: =283115000-1500000 -> 281615000 | K237: 29262-25-001 | L237: 2200000 | N237: 31721-25-001 | O237: 2232000
B238: 4194-25-001 | C238: 855000 | E238: 7994-25-001 | F238: 380000 | H238: 20339-25-001 | I238: 2000000 | K238: 2931-25-001 | L238: 427000 | N238: 32046-25-001 | O238: 1135000
B239: 4617-25-001 | C239: 2104000 | E239: 5205-25-001 | F239: 70000 | H239: 18789-25-001 | I239: 670000 | K239: 2952-25-002 | L239: 130000 | N239: 32129-25-001 | O239: 2250000
B240: 5169-25-001 | C240: 169800 | E240: 7387-25-001 | F240: 695000 | H240: 48481-25-001 | I240: 599000 | K240: 29752-25-001 | L240: 1760000 | N240: 32189-25-002 | O240: 300000
B241: 5594-25-001 | C241: 505000 | E241: 650-25-001 | F241: 601000 | H241: 7357-25-001 | I241: 2411700 | K241: 30197-25-001 | L241: 769000 | N241: 3226-25-001 | O241: 624000
B242: 6755-25-001 | C242: 120000 | E242: 924-25-001 | F242: 220000 | H242: 17423-25-001 | I242: 483000 | K242: 3034-25-001 | L242: 275000 | N242: 32277-25-001 | O242: 60000
B243: 7036-25-001 | C243: 270000 | E243: 1547-25-001 | F243: 600000 | H243: 21802-25-001 | I243: 889000 | K243: 3034-25-002 | L243: 2600000 | N243: 3317-25-001 | O243: 820000
B244: 7836-25-001 | C244: 894000 | E244: 1600-25-001 | F244: 964700 | H244: 30141-25-001 | I244: 30000 | K244: 30358-25-001 | L244: 0 | N244: 3421-25-001 | O244: 120000
B245: 8574-25-001 | C245: 582800 | E245: 1663-25-001 | F245: 60000 | H245: 42453-25-001 | I245: 1340000 | K245: 3050-25-001 | L245: 1844000 | N245: 36398-25-001 | O245: 56000
B246: 9103-25-001 | C246: 1228900 | E246: 1984-25-001 | F246: 400000 | H246: 12976-25-001 | I246: 50000 | K246: 30593-25-001 | L246: 932000 | N246: 3650-25-001 | O246: 105000
B247: 9452-25-001 | C247: 107000 | E247: 2648-25-001 | F247: 120000 | H247: 61261-25-001 | I247: 700000 | K247: 30672-25-001 | L247: 8050000 | N247: 3927-25-001 | O247: 320000
B248: 9731-25-001 | C248: 1960000 | E248: 2771-25-001 | F248: 345000 | H248: 61323-25-001 | I248: 7140000 | K248: 31524-25-002 | L248: 485000 | N248: 39942-25-003 | O248: 135000
B249: 10052-25-001 | C249: 120000 | E249: 3050-25-001 | F249: 858000 | H249: 61325-25-001 | I249: 840000 | K249: 31967-25-001 | L249: 1290000 | N249: 40063-25-002 | O249: 246000
... B341: 1930-25-001 | C341: 2260000 | E341: 14924-25-001 | F341: 2040000 | H341: 19158-25-001 | I341: 1512000 | K341: 45956-25-001 | L341: 1799000 | N341: 49111-25-001 | O341: 30000
E342: 16792-25-001 | F342: 2451000 | H342: 19569-25-001 | I342: 1066800 | K342: 45957-25-001 | L342: 2145000 | N342: 49155-25-001 | O342: 1350000
E343: 26529-25-001 | F343: 790000 | H343: 20362-25-001 | I343: 50000 | K343: 45969-25-001 | L343: 170000 | N343: 49316-25-002 | O343: 4000
E344: 27358-25-001 | F344: 20000 | H344: 20430-25-001 | I344: 1385000 | K344: 4598-25-002 | L344: 5237000 | N344: 49423-25-001 | O344: 700000
E345: 30130-25-001 | F345: 360000 | H345: 20493-25-001 | I345: 75000 | K345: 46085-25-001 | L345: 15000 | N345: 49580-25-001 | O345: 976000
E346: 43207-25-001 | F346: 150000 | H346: 20879-25-001 | I346: 60000 | K346: 46094-25-001 | L346: 80000 | N346: 49640-25-001 | O346: 60000
E347: 53395-25-001 | F347: 30000 | H347: 21222-25-001 | I347: 120000 | K347: 46100-25-001 | L347: 23015750 | N347: 49678-25-001 | O347: 5097800
E348: 54393-25-001 | F348: 150000 | H348: 21538-25-001 | I348: 450000 | K348: 4617-25-002 | L348: 2271000 | N348: 49728-25-001 | O348: 990000
E349: 3776-25-001 | F349: 2941000 | H349: 21898-25-001 | I349: 869000 | K349: 46242-25-001 | L349: 2074607 | N349: 4992-25-001 | O349: 290000
E350: 887-25-001 | F350: 2655000 | H350: 22192-25-001 | I350: 802000 | K350: 4626-25-001 | L350: 643000 | N350: 49925-25-001 | O350: 700000
E351: 5281-25-001 | F351: 663000 | H351: 22453-25-001 | I351: 90000 | K351: 46318-25-001 | L351: 290000 | N351: 50017-25-001 | O351: 168000
E352: 22801-25-001 | F352: 170000 | H352: 22652-25-001 | I352: 976000 | K352: 46347-25-001 | L352: 1320000 | N352: 50113-25-001 | O352: 306800
E353: 11368-25-001 | F353: 2400000 | H353: 22820-25-001 | I353: 1060000 | K353: 46488-25-001 | L353: 10000 | N353: 5022-25-001 | O353: 1760000
... E385: 43285-25-001 | F385: 20000 | H385: 45084-25-001 | I385: 567000 | K385: 4992-25-001 | L385: 260000 | N385: 56004-25-001 | O385: 447500
H386: 45126-25-001 | I386: 150000 | K386: 50113-25-001 | L386: 1068500 | N386: 56052-25-001 | O386: 625000
H387: 45152-25-001 | I387: 3183800 | K387: 50209-25-001 | L387: 615770 | N387: 56061-25-001 | O387: 1353000
H388: 45179-25-001 | I388: 630000 | K388: 5022-25-001 | L388: 1760000 | N388: 5659-25-001 | O388: 90000
H389: 45379-25-001 | I389: 2877600 | K389: 50300-25-002 | L389: 20000 | N389: 57112-25-001 | O389: 20000
H390: 45609-25-001 | I390: 234000 | K390: 5043-25-001 | L390: 190000 | N390: 57138-25-002 | O390: 290000
H391: 46183-25-001 | I391: 206000 | K391: 5044-25-001 | L391: 480000 | N391: 57204-25-001 | O391: 5975000
H392: 49143-25-001 | I392: 250000 | K392: 50497-25-001 | L392: 5000 | N392: 57243-25-001 | O392: 1288000
H393: 49678-25-001 | I393: 795500 | K393: 5064-25-002 | L393: 2933333 | N393: 57772-25-001 | O393: 289000
H394: 49951-25-001 | I394: 474000 | K394: 5065-25-001 | L394: 555000 | N394: 57875-25-001 | O394: 296200
H395: 49996-25-001 | I395: 1302000 | K395: 5169-25-001 | L395: 1047500 | N395: 57931-25-001 | O395: 30000
H396: 50113-25-001 | I396: 716000 | K396: 5178-25-002 | L396: 2800000 | N396: 5796-25-002 | O396: 1434000
H397: 52667-25-001 | I397: 520000 | K397: 5211-25-003 | L397: 45000 | N397: 58027-25-001 | O397: 572000
... H489: 5831-25-001 | I489: 466000 | K489: 62744-25-001 | L489: 308000 | N489: 63416-25-001 | O489: -210000
K490: 62768-25-002 | L490: 28000 | N490: 63421-25-001 | O490: 416000
K491: 62787-25-001 | L491: 25000 | N491: 63426-25-001 | O491: 88500
K492: 62799-25-001 | L492: 3600000 | N492: 63427-25-001 | O492: 658000
K493: 62890-25-001 | L493: 77220 | N493: 63428-25-001 | O493: 686000
K494: 62947-25-002 | L494: 900000 | N494: 63434-25-001 | O494: 826000
K495: 62954-25-002 | L495: 14400000 | N495: 63440-25-001 | O495: 462000
K496: 62966-25-001 | L496: 142120 | N496: 63441-25-001 | O496: 6000000
K497: 62968-25-001 | L497: 308000 | N497: 63461-25-001 | O497: 350000
K498: 62970-25-001 | L498: 830000 | N498: 63462-25-001 | O498: 952000
K499: 62993-25-001 | L499: 3610000 | N499: 63463-25-001 | O499: 14000
K500: 62994-25-001 | L500: 1200000 | N500: 63464-25-001 | O500: 14000
K501: 63022-25-001 | L501: 3600000 | N501: 63465-25-001 | O501: 630000
... K584: 63299-25-001 | L584: 56000 | N584: 9594-25-001 | O584: 5892400
K585: 63300-25-001 | L585: 70000 | N585: 9602-25-001 | O585: =79862860-1500000 -> 78362860
K586: 63301-25-001 | L586: 602000 | N586: 9602-25-003 | O586: =3500000+1500000 -> 5000000
K587: 63302-25-001 | L587: 182000 | N587: 9634-25-001 | O587: 40000
K588: 63304-25-001 | L588: 1036000 | N588: 9663-25-001 | O588: 3894000
K589: 63308-25-001 | L589: 1200000 | N589: 9685-25-001 | O589: 40000
K590: 63310-25-001 | L590: 2400000 | N590: 9688-25-001 | O590: 4460000
K591: 63322-25-001 | L591: 728000 | N591: 983-25-001 | O591: 1691200
K592: 63325-25-001 | L592: 500000 | N592: 9886-25-001 | O592: 100000
K593: 63332-25-001 | L593: 588000
K594: 63334-25-001 | L594: 28000
K595: 63337-25-001 | L595: 84000
K596: 63341-25-001 | L596: 2268000
K597: 63342-25-001 | L597: 322000
K598: 63347-25-001 | L598: 994000
K599: 63348-25-001 | L599: 112000
K600: 63349-25-001 | L600: 14000
K601: 63352-25-001 | L601: 3122000
K602: 63361-25-002 | L602: 1200000
K603: 63362-25-002 | L603: 1600000
K604: 63365-25-001 | L604: 42000
... K679: 983-25-001 | L679: 2218000

Sheet HSM비교
B2: 월별 | C2: 5월 | G2: 2월 | K2: 3월 | O2: 4월 | S2: 5월 | W2: 6월 | AA2: 7월 | AE2: 8월 | AI2: 9월 | AM2: 10월 | AQ2: 11월 | AU2: 12월
B3: 영업대표 | C3: 데이터북(0602기준) | D3: ERP 마감 | E3: 차액 | F3: 비고 | G3: 데이터북(매출란) | H3: ERP 마감 | I3: 차액 | J3: 비고 | K3: 데이터북(매출란) | L3: ERP 마감 | M3: 차액 | N3: 비고 | O3: 데이터북(매출란) | P3: ERP 마감 | Q3: 차액 | R3: 비고 | S3: 데이터북(매출란) | T3: ERP 마감 | U3: 차액 | V3: 비고 | W3: 데이터북(매출란) | X3: ERP 마감 | Y3: 차액 | Z3: 비고 | AA3: 데이터북(매출란) | AB3: ERP 마감 | AC3: 차액 | AD3: 비고 | AE3: 데이터북(매출란) | AF3: ERP 마감 | AG3: 차액 | AH3: 비고 | AI3: 데이터북(매출란) | AJ3: ERP 마감 | AK3: 차액 | AL3: 비고 | AM3: 데이터북(매출란) | AN3: ERP 마감 | AO3: 차액 | AP3: 비고 | AQ3: 데이터북(매출란) | AR3: ERP 마감 | AS3: 차액 | AT3: 비고 | AU3: 데이터북(매출란) | AV3: ERP 마감 | AW3: 차액 | AX3: 비고
B4: 김두희 | C4: 101543800 | D4: 166106718 | E4: =D4-C4 -> 64562918 | I4: =G4-H4 -> 0 | M4: =K4-L4 -> 0 | Q4: =O4-P4 -> 0 | U4: =S4-T4 -> 0 | Y4: =W4-X4 -> 0 | AC4: =AA4-AB4 -> 0 | AG4: =AE4-AF4 -> 0 | AK4: =AI4-AJ4 -> 0 | AO4: =AM4-AN4 -> 0 | AS4: =AQ4-AR4 -> 0 | AW4: =AU4-AV4 -> 0
B5: 이나래 | C5: 102100000 | D5: 85152690 | E5: =D5-C5 -> -16947310 | I5: =G5-H5 -> 0 | M5: =K5-L5 -> 0 | Q5: =O5-P5 -> 0 | U5: =S5-T5 -> 0 | Y5: =W5-X5 -> 0 | AC5: =AA5-AB5 -> 0 | AG5: =AE5-AF5 -> 0 | AK5: =AI5-AJ5 -> 0 | AO5: =AM5-AN5 -> 0 | AS5: =AQ5-AR5 -> 0 | AW5: =AU5-AV5 -> 0
B6: 최재희 | C6: 20600000 | D6: 117431900 | E6: =D6-C6 -> 96831900 | I6: =G6-H6 -> 0 | M6: =K6-L6 -> 0 | Q6: =O6-P6 -> 0 | U6: =S6-T6 -> 0 | Y6: =W6-X6 -> 0 | AC6: =AA6-AB6 -> 0 | AG6: =AE6-AF6 -> 0 | AK6: =AI6-AJ6 -> 0 | AO6: =AM6-AN6 -> 0 | AS6: =AQ6-AR6 -> 0 | AW6: =AU6-AV6 -> 0
B7: 김성경 | C7: 30497000 | D7: 75475100 | E7: =D7-C7 -> 44978100 | I7: =G7-H7 -> 0 | M7: =K7-L7 -> 0 | Q7: =O7-P7 -> 0 | U7: =S7-T7 -> 0 | Y7: =W7-X7 -> 0 | AC7: =AA7-AB7 -> 0 | AG7: =AE7-AF7 -> 0 | AK7: =AI7-AJ7 -> 0 | AO7: =AM7-AN7 -> 0 | AS7: =AQ7-AR7 -> 0 | AW7: =AU7-AV7 -> 0
B8: 하예진 | C8: 127321333 | D8: 117225282 | E8: =D8-C8 -> -10096051 | I8: =G8-H8 -> 0 | M8: =K8-L8 -> 0 | Q8: =O8-P8 -> 0 | U8: =S8-T8 -> 0 | Y8: =W8-X8 -> 0 | AC8: =AA8-AB8 -> 0 | AG8: =AE8-AF8 -> 0 | AK8: =AI8-AJ8 -> 0 | AO8: =AM8-AN8 -> 0 | AS8: =AQ8-AR8 -> 0 | AW8: =AU8-AV8 -> 0
B9: 최수진 | C9: 29985000 | D9: 90244700 | E9: =D9-C9 -> 60259700 | I9: =G9-H9 -> 0 | M9: =K9-L9 -> 0 | Q9: =O9-P9 -> 0 | U9: =S9-T9 -> 0 | Y9: =W9-X9 -> 0 | AC9: =AA9-AB9 -> 0 | AG9: =AE9-AF9 -> 0 | AK9: =AI9-AJ9 -> 0 | AO9: =AM9-AN9 -> 0 | AS9: =AQ9-AR9 -> 0 | AW9: =AU9-AV9 -> 0
B10: 방유진 | C10: 75130000 | D10: 98735450 | E10: =D10-C10 -> 23605450
B11: 양은희 | D11: 91342860
B12: 제휴 | D12: 74181 | I12: =G12-H12 -> 0 | M12: =K12-L12 -> 0 | Q12: =O12-P12 -> 0 | U12: =S12-T12 -> 0 | Y12: =W12-X12 -> 0 | AC12: =AA12-AB12 -> 0 | AG12: =AE12-AF12 -> 0 | AK12: =AI12-AJ12 -> 0 | AO12: =AM12-AN12 -> 0 | AS12: =AQ12-AR12 -> 0 | AW12: =AU12-AV12 -> 0
B13: 합계 | C13: =SUM(C4:C12) -> 487177133 | D13: =SUM(D4:D12) -> 841788881 | E13: =SUM(E4:E12) -> 263194707 | G13: =SUM(G4:G12) -> 0 | H13: =SUM(H4:H12) -> 0 | I13: =SUM(I4:I12) -> 0 | K13: =SUM(K4:K12) -> 0 | L13: =SUM(L4:L12) -> 0 | M13: =SUM(M4:M12) -> 0 | O13: =SUM(O4:O12) -> 0 | P13: =SUM(P4:P12) -> 0 | Q13: =SUM(Q4:Q12) -> 0 | S13: =SUM(S4:S12) -> 0 | T13: =SUM(T4:T12) -> 0 | U13: =SUM(U4:U12) -> 0 | W13: =SUM(W4:W12) -> 0 | X13: =SUM(X4:X12) -> 0 | Y13: =SUM(Y4:Y12) -> 0 | AA13: =SUM(AA4:AA12) -> 0 | AB13: =SUM(AB4:AB12) -> 0 | AC13: =SUM(AC4:AC12) -> 0 | AE13: =SUM(AE4:AE12) -> 0 | AF13: =SUM(AF4:AF12) -> 0 | AG13: =SUM(AG4:AG12) -> 0 | AI13: =SUM(AI4:AI12) -> 0 | AJ13: =SUM(AJ4:AJ12) -> 0 | AK13: =SUM(AK4:AK12) -> 0 | AM13: =SUM(AM4:AM12) -> 0 | AN13: =SUM(AN4:AN12) -> 0 | AO13: =SUM(AO4:AO12) -> 0 | AQ13: =SUM(AQ4:AQ12) -> 0 | AR13: =SUM(AR4:AR12) -> 0 | AS13: =SUM(AS4:AS12) -> 0 | AU13: =SUM(AU4:AU12) -> 0 | AV13: =SUM(AV4:AV12) -> 0 | AW13: =SUM(AW4:AW12) -> 0

Sheet index
B1: =SUBTOTAL(3,B3:B41) -> 39
B2: HRD컨설턴트 | C2: 팀명 | D2: 비고 | G2: 기업등급 | H2: 기업규모 | I2: 고객구분 | J2: 사업유형 | K2: 26년 사업유형 | L2: 매출구분 | M2: LMS 상태 | N2: 신성장동력 상품명
B3: 박정규 | C3: 기업교육1팀 | G3: 01 1~1000대 | H3: 01 대기업 | I3: 01 수성 | J3: 1. 온라인 - 단과 | K3: 01. 이러닝 - 통합위탁 | L3: 01 확정 | M3: 01 자체 LMS | N3: 1. 휴넷CEO 멤버십 | Q3: 통합위탁 | R3: 01. 이러닝 - 통합위탁
B4: 이재성 | C4: 기업교육1팀 | G4: 02 1001~2000대 | H4: 02 중견기업 | I4: 02 윈백 | J4: 2. 온라인 - 법정 | K4: 02. 이러닝 - 단과 | L4: 02 가망 | M4: 02 경쟁사 LMS | N4: 2. 휴넷CEO Executive MBA | Q4: 단과 | R4: 02. 이러닝 - 단과
B5: 황동현 | C5: 기업교육1팀 | G5: 03 2001~3000대 | H5: 03 우선지원기업 | I5: 03 신규 | J5: 3. 온라인 - 마이크로러닝 | K5: 03. 이러닝 - 법정 | L5: 03 기회 | M5: 03 휴넷 LMS | N5: 3. 팀장 리더십 저니 | Q5: 법정 | R5: 03. 이러닝 - 법정
B6: 장지웅 | C6: 기업교육1팀 | G6: 04 3000대 이후 | H6: 04 해당없음 | I6: 04 연장 | J6: 4. 하이브리드러닝 - 플립형 | K6: 04. 이러닝 - 마이크로러닝 | L6: 04 실주 | N6: 4. AI칼리지 | Q6: 마이크로러닝 | R6: 04. 이러닝 - 마이크로러닝
B7: 이태원 | C7: 기업교육1팀 | G7: 05 공공 | J7: 5. 하이브리드러닝 - 러닝저니 | K7: 05. 이러닝 - 북러닝 | L7: 05 Drop | N7: 5. 터닝포인트 팀장리더십스쿨 | Q7: 북러닝 | R7: 05. 이러닝 - 북러닝
B8: 강건모 | C8: 기업교육1팀 | J8: 6. 하이브리드러닝 - 집합형 | K8: 06. 이러닝 - 정부지원사업 | L8: 06 사업취소 | N8: 6. 마이 리더십 플레이북 | R8: [사용안함]06. 이러닝 - 휴넷플렉스
B9: 조미희 | C9: 기업교육1팀 | J9: 7. 휴넷CEO - 휴넷CEO | K9: 07. 이러닝 - 컨텐츠 임대/판매 | L9: 07 2023년 매출 | N9: 7. 휴넷 CEO 포사이트 포럼 | Q9: 컨텐츠 임대/판매 | R9: 07. 이러닝 - 컨텐츠 임대/판매
B10: 김도엽 | C10: 기업교육1팀 | J10: 8. 리더스아카데미 - 리더스아카데미 | K10: 08. 하이브리드러닝 - 하이브리드형 러닝 | L10: 08 2024년 매출 | N10: 8. 휴넷 SMB 파트너스 | Q10: 하이브리드형 러닝 | R10: 08. 하이브리드러닝 - 하이브리드형 러닝
B11: 김신정 | C11: 기업교육1팀 | J11: 9. 직무칼리지 - 마케팅 | K11: 09. 하이브리드러닝 - 순수 오프라인 | L11: 09 2025년 매출 | Q11: 순수 오프라인 | R11: 09. 하이브리드러닝 - 순수 오프라인
B12: 서대원 | C12: 기업교육1팀 | J12: 10. 컨텐츠 - 컨텐츠 개발 | K12: 10. 하이브리드러닝 - 특강 | Q12: 휴넷CEO멤버십 | R12: 10. 구독 - 휴넷CEO멤버십
B13: 전보람 | C13: 기업교육1팀 | J13: 11. 컨텐츠 - 컨텐츠 임대/판매 | K13: 11. 구독 - 휴넷CEO멤버십 | Q13: 휴넷 리더십저니 | R13: 11. 구독 - 휴넷 리더십저니
B14: 최상근 | C14: 기업교육1팀 | J14: 12. 컨텐츠 - 컨설팅 | K14: 12. 구독 - 휴넷 리더십저니 | Q14: 커리업 저니 | R14: 12. 구독 - 커리업 저니
B15: 김묘정 | C15: 기업교육2팀 | J15: 13. 솔루션 - 표준형 LABS | K15: 13. 구독 - 휴넷FLEX | Q15: Wisdom spring | R15: 13. 구독 - Wisdom spring
B16: 서동윤 | C16: 기업교육2팀 | J16: 14. 솔루션 - 맞춤형 LABS | K16: 14. 구독 - 기타 | Q16: 컨텐츠 개발 | R16: 14. 컨텐츠 - 컨텐츠 개발
B17: 장윤오 | C17: 기업교육2팀 | J17: 15. 솔루션 - 러닝저니메이커 | K17: 15. 컨텐츠 - 컨텐츠 개발 | Q17: LABS | R17: 15. 솔루션 - LABS
B18: 황재연 | C18: 기업교육2팀 | J18: 16. 솔루션 - 챗봇 | K18: 16. 솔루션 - LABS | Q18: 러닝메이커 | R18: 16. 솔루션 - 러닝메이커
B19: 안혜연 | C19: 기업교육2팀 | J19: 17. 솔루션 - 디지털뱃지 | K19: 17. 솔루션 - 러닝메이커 | Q19: 기타 | R19: 17. 솔루션 - 기타
B20: 김나리 | C20: 기업교육2팀 | J20: 18. 솔루션 - 라이브클래스 | K20: 18. 솔루션 - 기타 | Q20: BPO | R20: 18. 운영 - BPO
B21: 이종혁 | C21: 기업교육2팀 | J21: 19. 솔루션 - 퀴즈앤 | K21: 19. 운영 - BPO | Q21: 운영매출 | R21: 19. 운영 - 운영매출
B22: 고예서 | C22: 기업교육2팀 | J22: 20. 솔루션 - AI교강사 | K22: 20. 운영 - 운영매출 | Q22: 독서통신(제휴) | R22: 20. 기타 - 독서통신(제휴)
B23: 박혜원 | C23: 기업교육2팀 | J23: 21. 솔루션 - 모두의코딩 | K23: 21. 운영 - 바이패스 | Q23: 독서통신(휴넷) | R23: 21. 기타 - 독서통신(휴넷)
... B27: 방인혜 | C27: 기업교육3팀 | J27: 25. 운영 - 대관 | K27: 25. HU(B2C) - HU(B2C) | Q27: 기타 | R27: 25. 기타 - 기타
B28: 송승희 | C28: 기업교육3팀 | J28: 26. 정부지원사업 - HRDFLEX | Q28: 정부지원사업 | R28: 26. 이러닝 - 정부지원사업
B29: 김지훈 | C29: 기업교육3팀 | J29: 27. 정부지원사업 - 국민내일배움카드 | Q29: HU(B2C) | R29: 27. HU(B2C) - HU(B2C)
B30: 이지송 | C30: 기업교육3팀 | J30: 28. 정부지원사업 - K-디지털기초역량 | Q30: 휴넷FLEX | R30: 28.구독 - 휴넷FLEX
B31: 송민지 | C31: 기업교육3팀 | J31: 29. 정부지원사업 - 평생교육바우처
B32: 김두희 | C32: 기업교육4팀 | J32: 30. 정부지원사업 - B2C_고용보험환급
B33: 이나래 | C33: 기업교육4팀 | J33: 31. B2C - 일반과정
B34: 최재희 | C34: 기업교육4팀 | J34: 32. 기타 - 독서통신
B35: 김성경 | C35: 기업교육4팀 | J35: 33. 기타 - 도서학습
B36: 하예진 | C36: 기업교육4팀 | J36: 34. 기타 - 전화외국어
B37: 최수진 | C37: 기업교육4팀 | J37: 35. 기타 - 북러닝
B38: 방유진 | C38: 기업교육4팀 | J38: 36. 기타 - 기타
B39: 유형석 | C39: FS팀
B40: 김지선 | C40: FS팀
B41: 황중목 | C41: FS팀
B42: 남만기 | C42: FS팀
B43: 공통 DB | C43: 공통 DB
B44: 박민우 | C44: 기업교육3팀
B45: 신우섭 | C45: 기업교육2팀
B46: 장현아 | C46: 기업교육1팀
B47: 양은희 | C47: 기업교육4팀
B48: 제휴 | C48: 기업교육4팀

Sheet 요약
A3: 행 레이블 | B3: 합계 : 1월 마감 | C3: 합계 : 2월 마감 | D3: 합계 : 3월 마감 | E3: 합계 : 4월 예상 | F3: 합계 : 5월 예상 | G3: 합계 : 6월 예상 | H3: 합계 : 7월 예상 | I3: 합계 : 8월 예상 | J3: 합계 : 9월 예상 | K3: 합계 : 10월 예상 | L3: 합계 : 11월 예상 | M3: 합계 : 12월 예상 | N3: 합계 : 26년 예상매출합계
A4: 01 확정 | B4: 84721500 | C4: 48295800 | D4: 79332700 | E4: 409414500 | F4: 54660000 | G4: 108067000 | H4: 51500000 | I4: 277390000 | J4: 71390000 | K4: 72295000 | L4: 164494280 | M4: 1090765500 | N4: 2512326280
A5: 02 가망 | B5: 0 | C5: 0 | E5: 8350000 | F5: 164092000 | G5: 67350000 | H5: 35030000 | I5: 71350000 | J5: 82350000 | K5: 81350000 | L5: 84950000 | M5: 321557756 | N5: 916379756
A6: 03 기회 | B6: 0 | C6: 0 | E6: 0 | F6: 546500000 | G6: 275000000 | H6: 150000000 | I6: 45600000 | J6: 32000000 | K6: 180000000 | L6: 178000000 | M6: 655520000 | N6: 2062620000
A7: 총합계 | B7: 84721500 | C7: 48295800 | D7: 79332700 | E7: 417764500 | F7: 765252000 | G7: 450417000 | H7: 236530000 | I7: 394340000 | J7: 185740000 | K7: 333645000 | L7: 427444280 | M7: 2067843256 | N7: 5491326036
A15: 합계 : 26년 예상매출합계 | B15: 열 레이블
A16: 행 레이블 | B16: 01 확정 | C16: 02 가망 | D16: 03 기회 | E16: 총합계
A17: 유형석 | B17: 532627500 | C17: 134750000 | D17: 498000000 | E17: 1165377500
A18: 최상근 | B18: 1264994000 | C18: 453387756 | D18: 460920000 | E18: 2179301756
A19: 이동호 | B19: 448455280 | C19: 161642000 | D19: 831700000 | E19: 1441797280
A20: 임성은 | B20: 265249500 | C20: 166600000 | D20: 272000000 | E20: 703849500
A21: 국문정 | B21: 1000000 | E21: 1000000
A22: 총합계 | B22: 2512326280 | C22: 916379756 | D22: 2062620000 | E22: 5491326036

Sheet 검증용
B1: 사업전략팀 용 시트 | G1: 팀 취합본 | K1: 개인작성
C2: 검증구간 | F2: 기업명 (HSM 기준) | G2: 26년 사업유형 | H2: 26년 확정/가망/기회 | J2: 기업명 (HSM 기준) | K2: 26년 사업유형 | L2: 26년 확정/가망/기회
F3: =SUBTOTAL(3,F5:F1000) -> 0 | G3: =SUBTOTAL(3,G5:G1000) -> 0 | H3: =SUBTOTAL(3,H5:H1000) -> 0 | J3: =SUBTOTAL(3,J5:J1000) -> 0 | K3: =SUBTOTAL(3,K5:K1000) -> 0 | L3: =SUBTOTAL(3,L5:L1000) -> 0
B5: =F5=J5 -> TRUE | C5: =G5=K5 -> TRUE | D5: =H5=L5 -> TRUE
B6: =F6=J6 -> TRUE | C6: =G6=K6 -> TRUE | D6: =H6=L6 -> TRUE
B7: =F7=J7 -> TRUE | C7: =G7=K7 -> TRUE | D7: =H7=L7 -> TRUE
B8: =F8=J8 -> TRUE | C8: =G8=K8 -> TRUE | D8: =H8=L8 -> TRUE
B9: =F9=J9 -> TRUE | C9: =G9=K9 -> TRUE | D9: =H9=L9 -> TRUE
B10: =F10=J10 -> TRUE | C10: =G10=K10 -> TRUE | D10: =H10=L10 -> TRUE
B11: =F11=J11 -> TRUE | C11: =G11=K11 -> TRUE | D11: =H11=L11 -> TRUE
B12: =F12=J12 -> TRUE | C12: =G12=K12 -> TRUE | D12: =H12=L12 -> TRUE
B13: =F13=J13 -> TRUE | C13: =G13=K13 -> TRUE | D13: =H13=L13 -> TRUE
B14: =F14=J14 -> TRUE | C14: =G14=K14 -> TRUE | D14: =H14=L14 -> TRUE
B15: =F15=J15 -> TRUE | C15: =G15=K15 -> TRUE | D15: =H15=L15 -> TRUE
B16: =F16=J16 -> TRUE | C16: =G16=K16 -> TRUE | D16: =H16=L16 -> TRUE
... B281: =F281=J281 -> TRUE | C281: =G281=K281 -> TRUE | D281: =H281=L281 -> TRUE
